t,segment_id,meal_slug,sure,ayet,class,cond,A0_ABL_score,T0_DAT_score,B_abl,T_teleo,Pi,D_c
0,aakgul_s002_a010,aakgul,2,10,ABL_dominant,0,1.000000,0.000000,0.350000,0.000000,0.350000,0
1,aakgul_s002_a010,aakgul,2,10,ABL_dominant,0,1.000000,0.000000,0.647500,0.000000,0.647500,0
2,aakgul_s002_a010,aakgul,2,10,ABL_dominant,0,1.000000,0.000000,0.900375,0.000000,0.900375,0
3,aakgul_s002_a010,aakgul,2,10,ABL_dominant,0,1.000000,0.000000,1.115319,0.000000,1.115319,0
4,aakgul_s002_a010,aakgul,2,10,ABL_dominant,0,1.000000,0.000000,1.298021,0.000000,1.298021,1
5,aakgul_s002_a010,aakgul,2,10,ABL_dominant,0,1.000000,0.000000,1.453318,0.000000,1.453318,1
0,aakgul_s008_a053,aakgul,8,53,unknown,0,0.000000,0.000000,0.000000,0.000000,0.000000,0
1,aakgul_s008_a053,aakgul,8,53,unknown,0,0.000000,0.000000,0.000000,0.000000,0.000000,0
2,aakgul_s008_a053,aakgul,8,53,unknown,0,0.000000,0.000000,0.000000,0.000000,0.000000,0
3,aakgul_s008_a053,aakgul,8,53,unknown,0,0.000000,0.000000,0.000000,0.000000,0.000000,0
4,aakgul_s008_a053,aakgul,8,53,unknown,0,0.000000,0.000000,0.000000,0.000000,0.000000,0
5,aakgul_s008_a053,aakgul,8,53,unknown,0,0.000000,0.000000,0.000000,0.000000,0.000000,0
0,aakgul_s007_a096,aakgul,7,96,ABL_dominant,1,1.000000,0.000000,0.350000,0.000000,-1.150000,0
1,aakgul_s007_a096,aakgul,7,96,ABL_dominant,1,1.000000,0.000000,0.647500,0.000000,-0.852500,0
2,aakgul_s007_a096,aakgul,7,96,ABL_dominant,1,1.000000,0.000000,0.900375,0.000000,-0.599625,0
3,aakgul_s007_a096,aakgul,7,96,ABL_dominant,1,1.000000,0.000000,1.115319,0.000000,-0.384681,0
4,aakgul_s007_a096,aakgul,7,96,ABL_dominant,1,1.000000,0.000000,1.298021,0.000000,-0.201979,0
5,aakgul_s007_a096,aakgul,7,96,ABL_dominant,1,1.000000,0.000000,1.453318,0.000000,-0.046682,0
0,abayindir_s002_a010,abayindir,2,10,unknown,0,0.000000,0.000000,0.000000,0.000000,0.000000,0
1,abayindir_s002_a010,abayindir,2,10,unknown,0,0.000000,0.000000,0.000000,0.000000,0.000000,0
2,abayindir_s002_a010,abayindir,2,10,unknown,0,0.000000,0.000000,0.000000,0.000000,0.000000,0
3,abayindir_s002_a010,abayindir,2,10,unknown,0,0.000000,0.000000,0.000000,0.000000,0.000000,0
4,abayindir_s002_a010,abayindir,2,10,unknown,0,0.000000,0.000000,0.000000,0.000000,0.000000,0
5,abayindir_s002_a010,abayindir,2,10,unknown,0,0.000000,0.000000,0.000000,0.000000,0.000000,0
0,abayindir_s008_a053,abayindir,8,53,conditional_only,1,0.000000,0.000000,0.000000,0.000000,-1.500000,0
1,abayindir_s008_a053,abayindir,8,53,conditional_only,1,0.000000,0.000000,0.000000,0.000000,-1.500000,0
2,abayindir_s008_a053,abayindir,8,53,conditional_only,1,0.000000,0.000000,0.000000,0.000000,-1.500000,0
3,abayindir_s008_a053,abayindir,8,53,conditional_only,1,0.000000,0.000000,0.000000,0.000000,-1.500000,0
4,abayindir_s008_a053,abayindir,8,53,conditional_only,1,0.000000,0.000000,0.000000,0.000000,-1.500000,0
5,abayindir_s008_a053,abayindir,8,53,conditional_only,1,0.000000,0.000000,0.000000,0.000000,-1.500000,0
0,abayindir_s007_a096,abayindir,7,96,ABL_dominant,1,1.000000,0.000000,0.350000,0.000000,-1.150000,0
1,abayindir_s007_a096,abayindir,7,96,ABL_dominant,1,1.000000,0.000000,0.647500,0.000000,-0.852500,0
2,abayindir_s007_a096,abayindir,7,96,ABL_dominant,1,1.000000,0.000000,0.900375,0.000000,-0.599625,0
3,abayindir_s007_a096,abayindir,7,96,ABL_dominant,1,1.000000,0.000000,1.115319,0.000000,-0.384681,0
4,abayindir_s007_a096,abayindir,7,96,ABL_dominant,1,1.000000,0.000000,1.298021,0.000000,-0.201979,0
5,abayindir_s007_a096,abayindir,7,96,ABL_dominant,1,1.000000,0.000000,1.453318,0.000000,-0.046682,0
0,abulac_s002_a010,abulac,2,10,ABL_dominant,0,1.000000,0.000000,0.350000,0.000000,0.350000,0
1,abulac_s002_a010,abulac,2,10,ABL_dominant,0,1.000000,0.000000,0.647500,0.000000,0.647500,0
2,abulac_s002_a010,abulac,2,10,ABL_dominant,0,1.000000,0.000000,0.900375,0.000000,0.900375,0
3,abulac_s002_a010,abulac,2,10,ABL_dominant,0,1.000000,0.000000,1.115319,0.000000,1.115319,0
4,abulac_s002_a010,abulac,2,10,ABL_dominant,0,1.000000,0.000000,1.298021,0.000000,1.298021,1
5,abulac_s002_a010,abulac,2,10,ABL_dominant,0,1.000000,0.000000,1.453318,0.000000,1.453318,1
0,abulac_s008_a053,abulac,8,53,unknown,0,0.000000,0.000000,0.000000,0.000000,0.000000,0
1,abulac_s008_a053,abulac,8,53,unknown,0,0.000000,0.000000,0.000000,0.000000,0.000000,0
2,abulac_s008_a053,abulac,8,53,unknown,0,0.000000,0.000000,0.000000,0.000000,0.000000,0
3,abulac_s008_a053,abulac,8,53,unknown,0,0.000000,0.000000,0.000000,0.000000,0.000000,0
4,abulac_s008_a053,abulac,8,53,unknown,0,0.000000,0.000000,0.000000,0.000000,0.000000,0
5,abulac_s008_a053,abulac,8,53,unknown,0,0.000000,0.000000,0.000000,0.000000,0.000000,0
0,abulac_s007_a096,abulac,7,96,ABL_dominant,1,1.000000,0.000000,0.350000,0.000000,-1.150000,0
1,abulac_s007_a096,abulac,7,96,ABL_dominant,1,1.000000,0.000000,0.647500,0.000000,-0.852500,0
2,abulac_s007_a096,abulac,7,96,ABL_dominant,1,1.000000,0.000000,0.900375,0.000000,-0.599625,0
3,abulac_s007_a096,abulac,7,96,ABL_dominant,1,1.000000,0.000000,1.115319,0.000000,-0.384681,0
4,abulac_s007_a096,abulac,7,96,ABL_dominant,1,1.000000,0.000000,1.298021,0.000000,-0.201979,0
5,abulac_s007_a096,abulac,7,96,ABL_dominant,1,1.000000,0.000000,1.453318,0.000000,-0.046682,0
0,ahmettekin_s002_a010,ahmettekin,2,10,ABL_dominant,0,1.000000,0.000000,0.350000,0.000000,0.350000,0
1,ahmettekin_s002_a010,ahmettekin,2,10,ABL_dominant,0,1.000000,0.000000,0.647500,0.000000,0.647500,0
2,ahmettekin_s002_a010,ahmettekin,2,10,ABL_dominant,0,1.000000,0.000000,0.900375,0.000000,0.900375,0
3,ahmettekin_s002_a010,ahmettekin,2,10,ABL_dominant,0,1.000000,0.000000,1.115319,0.000000,1.115319,0
4,ahmettekin_s002_a010,ahmettekin,2,10,ABL_dominant,0,1.000000,0.000000,1.298021,0.000000,1.298021,1
5,ahmettekin_s002_a010,ahmettekin,2,10,ABL_dominant,0,1.000000,0.000000,1.453318,0.000000,1.453318,1
0,ahmettekin_s008_a053,ahmettekin,8,53,unknown,0,0.000000,0.000000,0.000000,0.000000,0.000000,0
1,ahmettekin_s008_a053,ahmettekin,8,53,unknown,0,0.000000,0.000000,0.000000,0.000000,0.000000,0
2,ahmettekin_s008_a053,ahmettekin,8,53,unknown,0,0.000000,0.000000,0.000000,0.000000,0.000000,0
3,ahmettekin_s008_a053,ahmettekin,8,53,unknown,0,0.000000,0.000000,0.000000,0.000000,0.000000,0
4,ahmettekin_s008_a053,ahmettekin,8,53,unknown,0,0.000000,0.000000,0.000000,0.000000,0.000000,0
5,ahmettekin_s008_a053,ahmettekin,8,53,unknown,0,0.000000,0.000000,0.000000,0.000000,0.000000,0
0,ahmettekin_s007_a096,ahmettekin,7,96,ABL_dominant,0,1.000000,0.000000,0.350000,0.000000,0.350000,0
1,ahmettekin_s007_a096,ahmettekin,7,96,ABL_dominant,0,1.000000,0.000000,0.647500,0.000000,0.647500,0
2,ahmettekin_s007_a096,ahmettekin,7,96,ABL_dominant,0,1.000000,0.000000,0.900375,0.000000,0.900375,0
3,ahmettekin_s007_a096,ahmettekin,7,96,ABL_dominant,0,1.000000,0.000000,1.115319,0.000000,1.115319,0
4,ahmettekin_s007_a096,ahmettekin,7,96,ABL_dominant,0,1.000000,0.000000,1.298021,0.000000,1.298021,1
5,ahmettekin_s007_a096,ahmettekin,7,96,ABL_dominant,0,1.000000,0.000000,1.453318,0.000000,1.453318,1
0,ahmetvarol_s002_a010,ahmetvarol,2,10,ABL_dominant,0,1.000000,0.000000,0.350000,0.000000,0.350000,0
1,ahmetvarol_s002_a010,ahmetvarol,2,10,ABL_dominant,0,1.000000,0.000000,0.647500,0.000000,0.647500,0
2,ahmetvarol_s002_a010,ahmetvarol,2,10,ABL_dominant,0,1.000000,0.000000,0.900375,0.000000,0.900375,0
3,ahmetvarol_s002_a010,ahmetvarol,2,10,ABL_dominant,0,1.000000,0.000000,1.115319,0.000000,1.115319,0
4,ahmetvarol_s002_a010,ahmetvarol,2,10,ABL_dominant,0,1.000000,0.000000,1.298021,0.000000,1.298021,1
5,ahmetvarol_s002_a010,ahmetvarol,2,10,ABL_dominant,0,1.000000,0.000000,1.453318,0.000000,1.453318,1
0,ahmetvarol_s008_a053,ahmetvarol,8,53,ABL_dominant,0,1.000000,0.000000,0.350000,0.000000,0.350000,0
1,ahmetvarol_s008_a053,ahmetvarol,8,53,ABL_dominant,0,1.000000,0.000000,0.647500,0.000000,0.647500,0
2,ahmetvarol_s008_a053,ahmetvarol,8,53,ABL_dominant,0,1.000000,0.000000,0.900375,0.000000,0.900375,0
3,ahmetvarol_s008_a053,ahmetvarol,8,53,ABL_dominant,0,1.000000,0.000000,1.115319,0.000000,1.115319,0
4,ahmetvarol_s008_a053,ahmetvarol,8,53,ABL_dominant,0,1.000000,0.000000,1.298021,0.000000,1.298021,1
5,ahmetvarol_s008_a053,ahmetvarol,8,53,ABL_dominant,0,1.000000,0.000000,1.453318,0.000000,1.453318,1
0,ahmetvarol_s007_a096,ahmetvarol,7,96,conditional_only,1,0.000000,0.000000,0.000000,0.000000,-1.500000,0
1,ahmetvarol_s007_a096,ahmetvarol,7,96,conditional_only,1,0.000000,0.000000,0.000000,0.000000,-1.500000,0
2,ahmetvarol_s007_a096,ahmetvarol,7,96,conditional_only,1,0.000000,0.000000,0.000000,0.000000,-1.500000,0
3,ahmetvarol_s007_a096,ahmetvarol,7,96,conditional_only,1,0.000000,0.000000,0.000000,0.000000,-1.500000,0
4,ahmetvarol_s007_a096,ahmetvarol,7,96,conditional_only,1,0.000000,0.000000,0.000000,0.000000,-1.500000,0
5,ahmetvarol_s007_a096,ahmetvarol,7,96,conditional_only,1,0.000000,0.000000,0.000000,0.000000,-1.500000,0
0,alifikriyavuz_s002_a010,alifikriyavuz,2,10,unknown,0,0.000000,0.000000,0.000000,0.000000,0.000000,0
1,alifikriyavuz_s002_a010,alifikriyavuz,2,10,unknown,0,0.000000,0.000000,0.000000,0.000000,0.000000,0
2,alifikriyavuz_s002_a010,alifikriyavuz,2,10,unknown,0,0.000000,0.000000,0.000000,0.000000,0.000000,0
3,alifikriyavuz_s002_a010,alifikriyavuz,2,10,unknown,0,0.000000,0.000000,0.000000,0.000000,0.000000,0
4,alifikriyavuz_s002_a010,alifikriyavuz,2,10,unknown,0,0.000000,0.000000,0.000000,0.000000,0.000000,0
5,alifikriyavuz_s002_a010,alifikriyavuz,2,10,unknown,0,0.000000,0.000000,0.000000,0.000000,0.000000,0
0,alifikriyavuz_s008_a053,alifikriyavuz,8,53,ABL_dominant,0,1.000000,0.000000,0.350000,0.000000,0.350000,0
1,alifikriyavuz_s008_a053,alifikriyavuz,8,53,ABL_dominant,0,1.000000,0.000000,0.647500,0.000000,0.647500,0
2,alifikriyavuz_s008_a053,alifikriyavuz,8,53,ABL_dominant,0,1.000000,0.000000,0.900375,0.000000,0.900375,0
3,alifikriyavuz_s008_a053,alifikriyavuz,8,53,ABL_dominant,0,1.000000,0.000000,1.115319,0.000000,1.115319,0
4,alifikriyavuz_s008_a053,alifikriyavuz,8,53,ABL_dominant,0,1.000000,0.000000,1.298021,0.000000,1.298021,1
5,alifikriyavuz_s008_a053,alifikriyavuz,8,53,ABL_dominant,0,1.000000,0.000000,1.453318,0.000000,1.453318,1
0,alifikriyavuz_s007_a096,alifikriyavuz,7,96,ABL_dominant,1,1.000000,0.000000,0.350000,0.000000,-1.150000,0
1,alifikriyavuz_s007_a096,alifikriyavuz,7,96,ABL_dominant,1,1.000000,0.000000,0.647500,0.000000,-0.852500,0
2,alifikriyavuz_s007_a096,alifikriyavuz,7,96,ABL_dominant,1,1.000000,0.000000,0.900375,0.000000,-0.599625,0
3,alifikriyavuz_s007_a096,alifikriyavuz,7,96,ABL_dominant,1,1.000000,0.000000,1.115319,0.000000,-0.384681,0
4,alifikriyavuz_s007_a096,alifikriyavuz,7,96,ABL_dominant,1,1.000000,0.000000,1.298021,0.000000,-0.201979,0
5,alifikriyavuz_s007_a096,alifikriyavuz,7,96,ABL_dominant,1,1.000000,0.000000,1.453318,0.000000,-0.046682,0
0,aparliyan_s002_a010,aparliyan,2,10,ABL_dominant,0,1.000000,0.000000,0.350000,0.000000,0.350000,0
1,aparliyan_s002_a010,aparliyan,2,10,ABL_dominant,0,1.000000,0.000000,0.647500,0.000000,0.647500,0
2,aparliyan_s002_a010,aparliyan,2,10,ABL_dominant,0,1.000000,0.000000,0.900375,0.000000,0.900375,0
3,aparliyan_s002_a010,aparliyan,2,10,ABL_dominant,0,1.000000,0.000000,1.115319,0.000000,1.115319,0
4,aparliyan_s002_a010,aparliyan,2,10,ABL_dominant,0,1.000000,0.000000,1.298021,0.000000,1.298021,1
5,aparliyan_s002_a010,aparliyan,2,10,ABL_dominant,0,1.000000,0.000000,1.453318,0.000000,1.453318,1
0,aparliyan_s008_a053,aparliyan,8,53,ABL_dominant,0,1.000000,0.000000,0.350000,0.000000,0.350000,0
1,aparliyan_s008_a053,aparliyan,8,53,ABL_dominant,0,1.000000,0.000000,0.647500,0.000000,0.647500,0
2,aparliyan_s008_a053,aparliyan,8,53,ABL_dominant,0,1.000000,0.000000,0.900375,0.000000,0.900375,0
3,aparliyan_s008_a053,aparliyan,8,53,ABL_dominant,0,1.000000,0.000000,1.115319,0.000000,1.115319,0
4,aparliyan_s008_a053,aparliyan,8,53,ABL_dominant,0,1.000000,0.000000,1.298021,0.000000,1.298021,1
5,aparliyan_s008_a053,aparliyan,8,53,ABL_dominant,0,1.000000,0.000000,1.453318,0.000000,1.453318,1
0,aparliyan_s007_a096,aparliyan,7,96,ABL_dominant,1,1.000000,0.000000,0.350000,0.000000,-1.150000,0
1,aparliyan_s007_a096,aparliyan,7,96,ABL_dominant,1,1.000000,0.000000,0.647500,0.000000,-0.852500,0
2,aparliyan_s007_a096,aparliyan,7,96,ABL_dominant,1,1.000000,0.000000,0.900375,0.000000,-0.599625,0
3,aparliyan_s007_a096,aparliyan,7,96,ABL_dominant,1,1.000000,0.000000,1.115319,0.000000,-0.384681,0
4,aparliyan_s007_a096,aparliyan,7,96,ABL_dominant,1,1.000000,0.000000,1.298021,0.000000,-0.201979,0
5,aparliyan_s007_a096,aparliyan,7,96,ABL_dominant,1,1.000000,0.000000,1.453318,0.000000,-0.046682,0
0,bahaeddinsaglam_s002_a010,bahaeddinsaglam,2,10,ABL_dominant,0,1.000000,0.000000,0.350000,0.000000,0.350000,0
1,bahaeddinsaglam_s002_a010,bahaeddinsaglam,2,10,ABL_dominant,0,1.000000,0.000000,0.647500,0.000000,0.647500,0
2,bahaeddinsaglam_s002_a010,bahaeddinsaglam,2,10,ABL_dominant,0,1.000000,0.000000,0.900375,0.000000,0.900375,0
3,bahaeddinsaglam_s002_a010,bahaeddinsaglam,2,10,ABL_dominant,0,1.000000,0.000000,1.115319,0.000000,1.115319,0
4,bahaeddinsaglam_s002_a010,bahaeddinsaglam,2,10,ABL_dominant,0,1.000000,0.000000,1.298021,0.000000,1.298021,1
5,bahaeddinsaglam_s002_a010,bahaeddinsaglam,2,10,ABL_dominant,0,1.000000,0.000000,1.453318,0.000000,1.453318,1
0,bahaeddinsaglam_s008_a053,bahaeddinsaglam,8,53,ABL_dominant,0,1.000000,0.000000,0.350000,0.000000,0.350000,0
1,bahaeddinsaglam_s008_a053,bahaeddinsaglam,8,53,ABL_dominant,0,1.000000,0.000000,0.647500,0.000000,0.647500,0
2,bahaeddinsaglam_s008_a053,bahaeddinsaglam,8,53,ABL_dominant,0,1.000000,0.000000,0.900375,0.000000,0.900375,0
3,bahaeddinsaglam_s008_a053,bahaeddinsaglam,8,53,ABL_dominant,0,1.000000,0.000000,1.115319,0.000000,1.115319,0
4,bahaeddinsaglam_s008_a053,bahaeddinsaglam,8,53,ABL_dominant,0,1.000000,0.000000,1.298021,0.000000,1.298021,1
5,bahaeddinsaglam_s008_a053,bahaeddinsaglam,8,53,ABL_dominant,0,1.000000,0.000000,1.453318,0.000000,1.453318,1
0,bahaeddinsaglam_s007_a096,bahaeddinsaglam,7,96,ABL_dominant,1,1.000000,0.000000,0.350000,0.000000,-1.150000,0
1,bahaeddinsaglam_s007_a096,bahaeddinsaglam,7,96,ABL_dominant,1,1.000000,0.000000,0.647500,0.000000,-0.852500,0
2,bahaeddinsaglam_s007_a096,bahaeddinsaglam,7,96,ABL_dominant,1,1.000000,0.000000,0.900375,0.000000,-0.599625,0
3,bahaeddinsaglam_s007_a096,bahaeddinsaglam,7,96,ABL_dominant,1,1.000000,0.000000,1.115319,0.000000,-0.384681,0
4,bahaeddinsaglam_s007_a096,bahaeddinsaglam,7,96,ABL_dominant,1,1.000000,0.000000,1.298021,0.000000,-0.201979,0
5,bahaeddinsaglam_s007_a096,bahaeddinsaglam,7,96,ABL_dominant,1,1.000000,0.000000,1.453318,0.000000,-0.046682,0
0,baltacioglu_s002_a010,baltacioglu,2,10,unknown,0,0.000000,0.000000,0.000000,0.000000,0.000000,0
1,baltacioglu_s002_a010,baltacioglu,2,10,unknown,0,0.000000,0.000000,0.000000,0.000000,0.000000,0
2,baltacioglu_s002_a010,baltacioglu,2,10,unknown,0,0.000000,0.000000,0.000000,0.000000,0.000000,0
3,baltacioglu_s002_a010,baltacioglu,2,10,unknown,0,0.000000,0.000000,0.000000,0.000000,0.000000,0
4,baltacioglu_s002_a010,baltacioglu,2,10,unknown,0,0.000000,0.000000,0.000000,0.000000,0.000000,0
5,baltacioglu_s002_a010,baltacioglu,2,10,unknown,0,0.000000,0.000000,0.000000,0.000000,0.000000,0
0,baltacioglu_s008_a053,baltacioglu,8,53,ABL_dominant,0,1.000000,0.000000,0.350000,0.000000,0.350000,0
1,baltacioglu_s008_a053,baltacioglu,8,53,ABL_dominant,0,1.000000,0.000000,0.647500,0.000000,0.647500,0
2,baltacioglu_s008_a053,baltacioglu,8,53,ABL_dominant,0,1.000000,0.000000,0.900375,0.000000,0.900375,0
3,baltacioglu_s008_a053,baltacioglu,8,53,ABL_dominant,0,1.000000,0.000000,1.115319,0.000000,1.115319,0
4,baltacioglu_s008_a053,baltacioglu,8,53,ABL_dominant,0,1.000000,0.000000,1.298021,0.000000,1.298021,1
5,baltacioglu_s008_a053,baltacioglu,8,53,ABL_dominant,0,1.000000,0.000000,1.453318,0.000000,1.453318,1
0,baltacioglu_s007_a096,baltacioglu,7,96,conditional_only,1,0.000000,0.000000,0.000000,0.000000,-1.500000,0
1,baltacioglu_s007_a096,baltacioglu,7,96,conditional_only,1,0.000000,0.000000,0.000000,0.000000,-1.500000,0
2,baltacioglu_s007_a096,baltacioglu,7,96,conditional_only,1,0.000000,0.000000,0.000000,0.000000,-1.500000,0
3,baltacioglu_s007_a096,baltacioglu,7,96,conditional_only,1,0.000000,0.000000,0.000000,0.000000,-1.500000,0
4,baltacioglu_s007_a096,baltacioglu,7,96,conditional_only,1,0.000000,0.000000,0.000000,0.000000,-1.500000,0
5,baltacioglu_s007_a096,baltacioglu,7,96,conditional_only,1,0.000000,0.000000,0.000000,0.000000,-1.500000,0
0,bayraktar_s002_a010,bayraktar,2,10,ABL_dominant,0,1.000000,0.000000,0.350000,0.000000,0.350000,0
1,bayraktar_s002_a010,bayraktar,2,10,ABL_dominant,0,1.000000,0.000000,0.647500,0.000000,0.647500,0
2,bayraktar_s002_a010,bayraktar,2,10,ABL_dominant,0,1.000000,0.000000,0.900375,0.000000,0.900375,0
3,bayraktar_s002_a010,bayraktar,2,10,ABL_dominant,0,1.000000,0.000000,1.115319,0.000000,1.115319,0
4,bayraktar_s002_a010,bayraktar,2,10,ABL_dominant,0,1.000000,0.000000,1.298021,0.000000,1.298021,1
5,bayraktar_s002_a010,bayraktar,2,10,ABL_dominant,0,1.000000,0.000000,1.453318,0.000000,1.453318,1
0,bayraktar_s008_a053,bayraktar,8,53,unknown,0,0.000000,0.000000,0.000000,0.000000,0.000000,0
1,bayraktar_s008_a053,bayraktar,8,53,unknown,0,0.000000,0.000000,0.000000,0.000000,0.000000,0
2,bayraktar_s008_a053,bayraktar,8,53,unknown,0,0.000000,0.000000,0.000000,0.000000,0.000000,0
3,bayraktar_s008_a053,bayraktar,8,53,unknown,0,0.000000,0.000000,0.000000,0.000000,0.000000,0
4,bayraktar_s008_a053,bayraktar,8,53,unknown,0,0.000000,0.000000,0.000000,0.000000,0.000000,0
5,bayraktar_s008_a053,bayraktar,8,53,unknown,0,0.000000,0.000000,0.000000,0.000000,0.000000,0
0,bayraktar_s007_a096,bayraktar,7,96,ABL_dominant,0,1.000000,0.000000,0.350000,0.000000,0.350000,0
1,bayraktar_s007_a096,bayraktar,7,96,ABL_dominant,0,1.000000,0.000000,0.647500,0.000000,0.647500,0
2,bayraktar_s007_a096,bayraktar,7,96,ABL_dominant,0,1.000000,0.000000,0.900375,0.000000,0.900375,0
3,bayraktar_s007_a096,bayraktar,7,96,ABL_dominant,0,1.000000,0.000000,1.115319,0.000000,1.115319,0
4,bayraktar_s007_a096,bayraktar,7,96,ABL_dominant,0,1.000000,0.000000,1.298021,0.000000,1.298021,1
5,bayraktar_s007_a096,bayraktar,7,96,ABL_dominant,0,1.000000,0.000000,1.453318,0.000000,1.453318,1
0,besimatalay_s002_a010,besimatalay,2,10,ABL_dominant,0,1.000000,0.000000,0.350000,0.000000,0.350000,0
1,besimatalay_s002_a010,besimatalay,2,10,ABL_dominant,0,1.000000,0.000000,0.647500,0.000000,0.647500,0
2,besimatalay_s002_a010,besimatalay,2,10,ABL_dominant,0,1.000000,0.000000,0.900375,0.000000,0.900375,0
3,besimatalay_s002_a010,besimatalay,2,10,ABL_dominant,0,1.000000,0.000000,1.115319,0.000000,1.115319,0
4,besimatalay_s002_a010,besimatalay,2,10,ABL_dominant,0,1.000000,0.000000,1.298021,0.000000,1.298021,1
5,besimatalay_s002_a010,besimatalay,2,10,ABL_dominant,0,1.000000,0.000000,1.453318,0.000000,1.453318,1
0,besimatalay_s008_a053,besimatalay,8,53,unknown,0,0.000000,0.000000,0.000000,0.000000,0.000000,0
1,besimatalay_s008_a053,besimatalay,8,53,unknown,0,0.000000,0.000000,0.000000,0.000000,0.000000,0
2,besimatalay_s008_a053,besimatalay,8,53,unknown,0,0.000000,0.000000,0.000000,0.000000,0.000000,0
3,besimatalay_s008_a053,besimatalay,8,53,unknown,0,0.000000,0.000000,0.000000,0.000000,0.000000,0
4,besimatalay_s008_a053,besimatalay,8,53,unknown,0,0.000000,0.000000,0.000000,0.000000,0.000000,0
5,besimatalay_s008_a053,besimatalay,8,53,unknown,0,0.000000,0.000000,0.000000,0.000000,0.000000,0
0,besimatalay_s007_a096,besimatalay,7,96,ABL_dominant,0,1.000000,0.000000,0.350000,0.000000,0.350000,0
1,besimatalay_s007_a096,besimatalay,7,96,ABL_dominant,0,1.000000,0.000000,0.647500,0.000000,0.647500,0
2,besimatalay_s007_a096,besimatalay,7,96,ABL_dominant,0,1.000000,0.000000,0.900375,0.000000,0.900375,0
3,besimatalay_s007_a096,besimatalay,7,96,ABL_dominant,0,1.000000,0.000000,1.115319,0.000000,1.115319,0
4,besimatalay_s007_a096,besimatalay,7,96,ABL_dominant,0,1.000000,0.000000,1.298021,0.000000,1.298021,1
5,besimatalay_s007_a096,besimatalay,7,96,ABL_dominant,0,1.000000,0.000000,1.453318,0.000000,1.453318,1
0,cemalkulunkoglu_s002_a010,cemalkulunkoglu,2,10,ABL_dominant,0,1.000000,0.000000,0.350000,0.000000,0.350000,0
1,cemalkulunkoglu_s002_a010,cemalkulunkoglu,2,10,ABL_dominant,0,1.000000,0.000000,0.647500,0.000000,0.647500,0
2,cemalkulunkoglu_s002_a010,cemalkulunkoglu,2,10,ABL_dominant,0,1.000000,0.000000,0.900375,0.000000,0.900375,0
3,cemalkulunkoglu_s002_a010,cemalkulunkoglu,2,10,ABL_dominant,0,1.000000,0.000000,1.115319,0.000000,1.115319,0
4,cemalkulunkoglu_s002_a010,cemalkulunkoglu,2,10,ABL_dominant,0,1.000000,0.000000,1.298021,0.000000,1.298021,1
5,cemalkulunkoglu_s002_a010,cemalkulunkoglu,2,10,ABL_dominant,0,1.000000,0.000000,1.453318,0.000000,1.453318,1
0,cemalkulunkoglu_s008_a053,cemalkulunkoglu,8,53,ABL_dominant,0,1.000000,0.000000,0.350000,0.000000,0.350000,0
1,cemalkulunkoglu_s008_a053,cemalkulunkoglu,8,53,ABL_dominant,0,1.000000,0.000000,0.647500,0.000000,0.647500,0
2,cemalkulunkoglu_s008_a053,cemalkulunkoglu,8,53,ABL_dominant,0,1.000000,0.000000,0.900375,0.000000,0.900375,0
3,cemalkulunkoglu_s008_a053,cemalkulunkoglu,8,53,ABL_dominant,0,1.000000,0.000000,1.115319,0.000000,1.115319,0
4,cemalkulunkoglu_s008_a053,cemalkulunkoglu,8,53,ABL_dominant,0,1.000000,0.000000,1.298021,0.000000,1.298021,1
5,cemalkulunkoglu_s008_a053,cemalkulunkoglu,8,53,ABL_dominant,0,1.000000,0.000000,1.453318,0.000000,1.453318,1
0,cemalkulunkoglu_s007_a096,cemalkulunkoglu,7,96,ABL_dominant,1,1.000000,0.000000,0.350000,0.000000,-1.150000,0
1,cemalkulunkoglu_s007_a096,cemalkulunkoglu,7,96,ABL_dominant,1,1.000000,0.000000,0.647500,0.000000,-0.852500,0
2,cemalkulunkoglu_s007_a096,cemalkulunkoglu,7,96,ABL_dominant,1,1.000000,0.000000,0.900375,0.000000,-0.599625,0
3,cemalkulunkoglu_s007_a096,cemalkulunkoglu,7,96,ABL_dominant,1,1.000000,0.000000,1.115319,0.000000,-0.384681,0
4,cemalkulunkoglu_s007_a096,cemalkulunkoglu,7,96,ABL_dominant,1,1.000000,0.000000,1.298021,0.000000,-0.201979,0
5,cemalkulunkoglu_s007_a096,cemalkulunkoglu,7,96,ABL_dominant,1,1.000000,0.000000,1.453318,0.000000,-0.046682,0
0,demiryent_s002_a010,demiryent,2,10,ABL_dominant,0,1.000000,0.000000,0.350000,0.000000,0.350000,0
1,demiryent_s002_a010,demiryent,2,10,ABL_dominant,0,1.000000,0.000000,0.647500,0.000000,0.647500,0
2,demiryent_s002_a010,demiryent,2,10,ABL_dominant,0,1.000000,0.000000,0.900375,0.000000,0.900375,0
3,demiryent_s002_a010,demiryent,2,10,ABL_dominant,0,1.000000,0.000000,1.115319,0.000000,1.115319,0
4,demiryent_s002_a010,demiryent,2,10,ABL_dominant,0,1.000000,0.000000,1.298021,0.000000,1.298021,1
5,demiryent_s002_a010,demiryent,2,10,ABL_dominant,0,1.000000,0.000000,1.453318,0.000000,1.453318,1
0,demiryent_s008_a053,demiryent,8,53,ABL_dominant,0,1.000000,0.000000,0.350000,0.000000,0.350000,0
1,demiryent_s008_a053,demiryent,8,53,ABL_dominant,0,1.000000,0.000000,0.647500,0.000000,0.647500,0
2,demiryent_s008_a053,demiryent,8,53,ABL_dominant,0,1.000000,0.000000,0.900375,0.000000,0.900375,0
3,demiryent_s008_a053,demiryent,8,53,ABL_dominant,0,1.000000,0.000000,1.115319,0.000000,1.115319,0
4,demiryent_s008_a053,demiryent,8,53,ABL_dominant,0,1.000000,0.000000,1.298021,0.000000,1.298021,1
5,demiryent_s008_a053,demiryent,8,53,ABL_dominant,0,1.000000,0.000000,1.453318,0.000000,1.453318,1
0,demiryent_s007_a096,demiryent,7,96,ABL_dominant,1,1.000000,0.000000,0.350000,0.000000,-1.150000,0
1,demiryent_s007_a096,demiryent,7,96,ABL_dominant,1,1.000000,0.000000,0.647500,0.000000,-0.852500,0
2,demiryent_s007_a096,demiryent,7,96,ABL_dominant,1,1.000000,0.000000,0.900375,0.000000,-0.599625,0
3,demiryent_s007_a096,demiryent,7,96,ABL_dominant,1,1.000000,0.000000,1.115319,0.000000,-0.384681,0
4,demiryent_s007_a096,demiryent,7,96,ABL_dominant,1,1.000000,0.000000,1.298021,0.000000,-0.201979,0
5,demiryent_s007_a096,demiryent,7,96,ABL_dominant,1,1.000000,0.000000,1.453318,0.000000,-0.046682,0
0,diyanetisleriyeni_s002_a010,diyanetisleriyeni,2,10,ABL_dominant,0,1.000000,0.000000,0.350000,0.000000,0.350000,0
1,diyanetisleriyeni_s002_a010,diyanetisleriyeni,2,10,ABL_dominant,0,1.000000,0.000000,0.647500,0.000000,0.647500,0
2,diyanetisleriyeni_s002_a010,diyanetisleriyeni,2,10,ABL_dominant,0,1.000000,0.000000,0.900375,0.000000,0.900375,0
3,diyanetisleriyeni_s002_a010,diyanetisleriyeni,2,10,ABL_dominant,0,1.000000,0.000000,1.115319,0.000000,1.115319,0
4,diyanetisleriyeni_s002_a010,diyanetisleriyeni,2,10,ABL_dominant,0,1.000000,0.000000,1.298021,0.000000,1.298021,1
5,diyanetisleriyeni_s002_a010,diyanetisleriyeni,2,10,ABL_dominant,0,1.000000,0.000000,1.453318,0.000000,1.453318,1
0,diyanetisleriyeni_s008_a053,diyanetisleriyeni,8,53,unknown,0,0.000000,0.000000,0.000000,0.000000,0.000000,0
1,diyanetisleriyeni_s008_a053,diyanetisleriyeni,8,53,unknown,0,0.000000,0.000000,0.000000,0.000000,0.000000,0
2,diyanetisleriyeni_s008_a053,diyanetisleriyeni,8,53,unknown,0,0.000000,0.000000,0.000000,0.000000,0.000000,0
3,diyanetisleriyeni_s008_a053,diyanetisleriyeni,8,53,unknown,0,0.000000,0.000000,0.000000,0.000000,0.000000,0
4,diyanetisleriyeni_s008_a053,diyanetisleriyeni,8,53,unknown,0,0.000000,0.000000,0.000000,0.000000,0.000000,0
5,diyanetisleriyeni_s008_a053,diyanetisleriyeni,8,53,unknown,0,0.000000,0.000000,0.000000,0.000000,0.000000,0
0,diyanetisleriyeni_s007_a096,diyanetisleriyeni,7,96,ABL_dominant,1,1.000000,0.000000,0.350000,0.000000,-1.150000,0
1,diyanetisleriyeni_s007_a096,diyanetisleriyeni,7,96,ABL_dominant,1,1.000000,0.000000,0.647500,0.000000,-0.852500,0
2,diyanetisleriyeni_s007_a096,diyanetisleriyeni,7,96,ABL_dominant,1,1.000000,0.000000,0.900375,0.000000,-0.599625,0
3,diyanetisleriyeni_s007_a096,diyanetisleriyeni,7,96,ABL_dominant,1,1.000000,0.000000,1.115319,0.000000,-0.384681,0
4,diyanetisleriyeni_s007_a096,diyanetisleriyeni,7,96,ABL_dominant,1,1.000000,0.000000,1.298021,0.000000,-0.201979,0
5,diyanetisleriyeni_s007_a096,diyanetisleriyeni,7,96,ABL_dominant,1,1.000000,0.000000,1.453318,0.000000,-0.046682,0
0,diyanetvakfi_s002_a010,diyanetvakfi,2,10,unknown,0,0.000000,0.000000,0.000000,0.000000,0.000000,0
1,diyanetvakfi_s002_a010,diyanetvakfi,2,10,unknown,0,0.000000,0.000000,0.000000,0.000000,0.000000,0
2,diyanetvakfi_s002_a010,diyanetvakfi,2,10,unknown,0,0.000000,0.000000,0.000000,0.000000,0.000000,0
3,diyanetvakfi_s002_a010,diyanetvakfi,2,10,unknown,0,0.000000,0.000000,0.000000,0.000000,0.000000,0
4,diyanetvakfi_s002_a010,diyanetvakfi,2,10,unknown,0,0.000000,0.000000,0.000000,0.000000,0.000000,0
5,diyanetvakfi_s002_a010,diyanetvakfi,2,10,unknown,0,0.000000,0.000000,0.000000,0.000000,0.000000,0
0,diyanetvakfi_s008_a053,diyanetvakfi,8,53,ABL_dominant,0,1.000000,0.000000,0.350000,0.000000,0.350000,0
1,diyanetvakfi_s008_a053,diyanetvakfi,8,53,ABL_dominant,0,1.000000,0.000000,0.647500,0.000000,0.647500,0
2,diyanetvakfi_s008_a053,diyanetvakfi,8,53,ABL_dominant,0,1.000000,0.000000,0.900375,0.000000,0.900375,0
3,diyanetvakfi_s008_a053,diyanetvakfi,8,53,ABL_dominant,0,1.000000,0.000000,1.115319,0.000000,1.115319,0
4,diyanetvakfi_s008_a053,diyanetvakfi,8,53,ABL_dominant,0,1.000000,0.000000,1.298021,0.000000,1.298021,1
5,diyanetvakfi_s008_a053,diyanetvakfi,8,53,ABL_dominant,0,1.000000,0.000000,1.453318,0.000000,1.453318,1
0,diyanetvakfi_s007_a096,diyanetvakfi,7,96,ABL_dominant,0,1.000000,0.000000,0.350000,0.000000,0.350000,0
1,diyanetvakfi_s007_a096,diyanetvakfi,7,96,ABL_dominant,0,1.000000,0.000000,0.647500,0.000000,0.647500,0
2,diyanetvakfi_s007_a096,diyanetvakfi,7,96,ABL_dominant,0,1.000000,0.000000,0.900375,0.000000,0.900375,0
3,diyanetvakfi_s007_a096,diyanetvakfi,7,96,ABL_dominant,0,1.000000,0.000000,1.115319,0.000000,1.115319,0
4,diyanetvakfi_s007_a096,diyanetvakfi,7,96,ABL_dominant,0,1.000000,0.000000,1.298021,0.000000,1.298021,1
5,diyanetvakfi_s007_a096,diyanetvakfi,7,96,ABL_dominant,0,1.000000,0.000000,1.453318,0.000000,1.453318,1
0,edip_s002_a010,edip,2,10,ABL_dominant,0,1.000000,0.000000,0.350000,0.000000,0.350000,0
1,edip_s002_a010,edip,2,10,ABL_dominant,0,1.000000,0.000000,0.647500,0.000000,0.647500,0
2,edip_s002_a010,edip,2,10,ABL_dominant,0,1.000000,0.000000,0.900375,0.000000,0.900375,0
3,edip_s002_a010,edip,2,10,ABL_dominant,0,1.000000,0.000000,1.115319,0.000000,1.115319,0
4,edip_s002_a010,edip,2,10,ABL_dominant,0,1.000000,0.000000,1.298021,0.000000,1.298021,1
5,edip_s002_a010,edip,2,10,ABL_dominant,0,1.000000,0.000000,1.453318,0.000000,1.453318,1
0,edip_s008_a053,edip,8,53,teleological_surface,0,0.000000,0.700000,0.000000,0.245000,-0.245000,0
1,edip_s008_a053,edip,8,53,teleological_surface,0,0.000000,0.700000,0.000000,0.453250,-0.453250,0
2,edip_s008_a053,edip,8,53,teleological_surface,0,0.000000,0.700000,0.000000,0.630262,-0.630262,0
3,edip_s008_a053,edip,8,53,teleological_surface,0,0.000000,0.700000,0.000000,0.780723,-0.780723,0
4,edip_s008_a053,edip,8,53,teleological_surface,0,0.000000,0.700000,0.000000,0.908615,-0.908615,0
5,edip_s008_a053,edip,8,53,teleological_surface,0,0.000000,0.700000,0.000000,1.017322,-1.017322,0
0,edip_s007_a096,edip,7,96,ABL_dominant,0,1.000000,0.000000,0.350000,0.000000,0.350000,0
1,edip_s007_a096,edip,7,96,ABL_dominant,0,1.000000,0.000000,0.647500,0.000000,0.647500,0
2,edip_s007_a096,edip,7,96,ABL_dominant,0,1.000000,0.000000,0.900375,0.000000,0.900375,0
3,edip_s007_a096,edip,7,96,ABL_dominant,0,1.000000,0.000000,1.115319,0.000000,1.115319,0
4,edip_s007_a096,edip,7,96,ABL_dominant,0,1.000000,0.000000,1.298021,0.000000,1.298021,1
5,edip_s007_a096,edip,7,96,ABL_dominant,0,1.000000,0.000000,1.453318,0.000000,1.453318,1
0,elmalilisade_s002_a010,elmalilisade,2,10,unknown,0,0.000000,0.000000,0.000000,0.000000,0.000000,0
1,elmalilisade_s002_a010,elmalilisade,2,10,unknown,0,0.000000,0.000000,0.000000,0.000000,0.000000,0
2,elmalilisade_s002_a010,elmalilisade,2,10,unknown,0,0.000000,0.000000,0.000000,0.000000,0.000000,0
3,elmalilisade_s002_a010,elmalilisade,2,10,unknown,0,0.000000,0.000000,0.000000,0.000000,0.000000,0
4,elmalilisade_s002_a010,elmalilisade,2,10,unknown,0,0.000000,0.000000,0.000000,0.000000,0.000000,0
5,elmalilisade_s002_a010,elmalilisade,2,10,unknown,0,0.000000,0.000000,0.000000,0.000000,0.000000,0
0,elmalilisade_s008_a053,elmalilisade,8,53,ABL_dominant,0,1.000000,0.000000,0.350000,0.000000,0.350000,0
1,elmalilisade_s008_a053,elmalilisade,8,53,ABL_dominant,0,1.000000,0.000000,0.647500,0.000000,0.647500,0
2,elmalilisade_s008_a053,elmalilisade,8,53,ABL_dominant,0,1.000000,0.000000,0.900375,0.000000,0.900375,0
3,elmalilisade_s008_a053,elmalilisade,8,53,ABL_dominant,0,1.000000,0.000000,1.115319,0.000000,1.115319,0
4,elmalilisade_s008_a053,elmalilisade,8,53,ABL_dominant,0,1.000000,0.000000,1.298021,0.000000,1.298021,1
5,elmalilisade_s008_a053,elmalilisade,8,53,ABL_dominant,0,1.000000,0.000000,1.453318,0.000000,1.453318,1
0,elmalilisade_s007_a096,elmalilisade,7,96,ABL_dominant,0,1.000000,0.000000,0.350000,0.000000,0.350000,0
1,elmalilisade_s007_a096,elmalilisade,7,96,ABL_dominant,0,1.000000,0.000000,0.647500,0.000000,0.647500,0
2,elmalilisade_s007_a096,elmalilisade,7,96,ABL_dominant,0,1.000000,0.000000,0.900375,0.000000,0.900375,0
3,elmalilisade_s007_a096,elmalilisade,7,96,ABL_dominant,0,1.000000,0.000000,1.115319,0.000000,1.115319,0
4,elmalilisade_s007_a096,elmalilisade,7,96,ABL_dominant,0,1.000000,0.000000,1.298021,0.000000,1.298021,1
5,elmalilisade_s007_a096,elmalilisade,7,96,ABL_dominant,0,1.000000,0.000000,1.453318,0.000000,1.453318,1
0,erhanaktas_s002_a010,erhanaktas,2,10,ABL_dominant,0,1.000000,0.000000,0.350000,0.000000,0.350000,0
1,erhanaktas_s002_a010,erhanaktas,2,10,ABL_dominant,0,1.000000,0.000000,0.647500,0.000000,0.647500,0
2,erhanaktas_s002_a010,erhanaktas,2,10,ABL_dominant,0,1.000000,0.000000,0.900375,0.000000,0.900375,0
3,erhanaktas_s002_a010,erhanaktas,2,10,ABL_dominant,0,1.000000,0.000000,1.115319,0.000000,1.115319,0
4,erhanaktas_s002_a010,erhanaktas,2,10,ABL_dominant,0,1.000000,0.000000,1.298021,0.000000,1.298021,1
5,erhanaktas_s002_a010,erhanaktas,2,10,ABL_dominant,0,1.000000,0.000000,1.453318,0.000000,1.453318,1
0,erhanaktas_s008_a053,erhanaktas,8,53,teleological_surface,0,0.000000,0.700000,0.000000,0.245000,-0.245000,0
1,erhanaktas_s008_a053,erhanaktas,8,53,teleological_surface,0,0.000000,0.700000,0.000000,0.453250,-0.453250,0
2,erhanaktas_s008_a053,erhanaktas,8,53,teleological_surface,0,0.000000,0.700000,0.000000,0.630262,-0.630262,0
3,erhanaktas_s008_a053,erhanaktas,8,53,teleological_surface,0,0.000000,0.700000,0.000000,0.780723,-0.780723,0
4,erhanaktas_s008_a053,erhanaktas,8,53,teleological_surface,0,0.000000,0.700000,0.000000,0.908615,-0.908615,0
5,erhanaktas_s008_a053,erhanaktas,8,53,teleological_surface,0,0.000000,0.700000,0.000000,1.017322,-1.017322,0
0,erhanaktas_s007_a096,erhanaktas,7,96,conditional_only,1,0.000000,0.000000,0.000000,0.000000,-1.500000,0
1,erhanaktas_s007_a096,erhanaktas,7,96,conditional_only,1,0.000000,0.000000,0.000000,0.000000,-1.500000,0
2,erhanaktas_s007_a096,erhanaktas,7,96,conditional_only,1,0.000000,0.000000,0.000000,0.000000,-1.500000,0
3,erhanaktas_s007_a096,erhanaktas,7,96,conditional_only,1,0.000000,0.000000,0.000000,0.000000,-1.500000,0
4,erhanaktas_s007_a096,erhanaktas,7,96,conditional_only,1,0.000000,0.000000,0.000000,0.000000,-1.500000,0
5,erhanaktas_s007_a096,erhanaktas,7,96,conditional_only,1,0.000000,0.000000,0.000000,0.000000,-1.500000,0
0,golpinarli_s002_a010,golpinarli,2,10,ABL_dominant,0,1.000000,0.000000,0.350000,0.000000,0.350000,0
1,golpinarli_s002_a010,golpinarli,2,10,ABL_dominant,0,1.000000,0.000000,0.647500,0.000000,0.647500,0
2,golpinarli_s002_a010,golpinarli,2,10,ABL_dominant,0,1.000000,0.000000,0.900375,0.000000,0.900375,0
3,golpinarli_s002_a010,golpinarli,2,10,ABL_dominant,0,1.000000,0.000000,1.115319,0.000000,1.115319,0
4,golpinarli_s002_a010,golpinarli,2,10,ABL_dominant,0,1.000000,0.000000,1.298021,0.000000,1.298021,1
5,golpinarli_s002_a010,golpinarli,2,10,ABL_dominant,0,1.000000,0.000000,1.453318,0.000000,1.453318,1
0,golpinarli_s008_a053,golpinarli,8,53,ABL_dominant,0,1.000000,0.000000,0.350000,0.000000,0.350000,0
1,golpinarli_s008_a053,golpinarli,8,53,ABL_dominant,0,1.000000,0.000000,0.647500,0.000000,0.647500,0
2,golpinarli_s008_a053,golpinarli,8,53,ABL_dominant,0,1.000000,0.000000,0.900375,0.000000,0.900375,0
3,golpinarli_s008_a053,golpinarli,8,53,ABL_dominant,0,1.000000,0.000000,1.115319,0.000000,1.115319,0
4,golpinarli_s008_a053,golpinarli,8,53,ABL_dominant,0,1.000000,0.000000,1.298021,0.000000,1.298021,1
5,golpinarli_s008_a053,golpinarli,8,53,ABL_dominant,0,1.000000,0.000000,1.453318,0.000000,1.453318,1
0,golpinarli_s007_a096,golpinarli,7,96,ABL_dominant,0,1.000000,0.000000,0.350000,0.000000,0.350000,0
1,golpinarli_s007_a096,golpinarli,7,96,ABL_dominant,0,1.000000,0.000000,0.647500,0.000000,0.647500,0
2,golpinarli_s007_a096,golpinarli,7,96,ABL_dominant,0,1.000000,0.000000,0.900375,0.000000,0.900375,0
3,golpinarli_s007_a096,golpinarli,7,96,ABL_dominant,0,1.000000,0.000000,1.115319,0.000000,1.115319,0
4,golpinarli_s007_a096,golpinarli,7,96,ABL_dominant,0,1.000000,0.000000,1.298021,0.000000,1.298021,1
5,golpinarli_s007_a096,golpinarli,7,96,ABL_dominant,0,1.000000,0.000000,1.453318,0.000000,1.453318,1
0,haydarozturkserkanyilmaz_s002_a010,haydarozturkserkanyilmaz,2,10,unknown,0,0.000000,0.000000,0.000000,0.000000,0.000000,0
1,haydarozturkserkanyilmaz_s002_a010,haydarozturkserkanyilmaz,2,10,unknown,0,0.000000,0.000000,0.000000,0.000000,0.000000,0
2,haydarozturkserkanyilmaz_s002_a010,haydarozturkserkanyilmaz,2,10,unknown,0,0.000000,0.000000,0.000000,0.000000,0.000000,0
3,haydarozturkserkanyilmaz_s002_a010,haydarozturkserkanyilmaz,2,10,unknown,0,0.000000,0.000000,0.000000,0.000000,0.000000,0
4,haydarozturkserkanyilmaz_s002_a010,haydarozturkserkanyilmaz,2,10,unknown,0,0.000000,0.000000,0.000000,0.000000,0.000000,0
5,haydarozturkserkanyilmaz_s002_a010,haydarozturkserkanyilmaz,2,10,unknown,0,0.000000,0.000000,0.000000,0.000000,0.000000,0
0,haydarozturkserkanyilmaz_s008_a053,haydarozturkserkanyilmaz,8,53,ABL_dominant,0,1.000000,0.000000,0.350000,0.000000,0.350000,0
1,haydarozturkserkanyilmaz_s008_a053,haydarozturkserkanyilmaz,8,53,ABL_dominant,0,1.000000,0.000000,0.647500,0.000000,0.647500,0
2,haydarozturkserkanyilmaz_s008_a053,haydarozturkserkanyilmaz,8,53,ABL_dominant,0,1.000000,0.000000,0.900375,0.000000,0.900375,0
3,haydarozturkserkanyilmaz_s008_a053,haydarozturkserkanyilmaz,8,53,ABL_dominant,0,1.000000,0.000000,1.115319,0.000000,1.115319,0
4,haydarozturkserkanyilmaz_s008_a053,haydarozturkserkanyilmaz,8,53,ABL_dominant,0,1.000000,0.000000,1.298021,0.000000,1.298021,1
5,haydarozturkserkanyilmaz_s008_a053,haydarozturkserkanyilmaz,8,53,ABL_dominant,0,1.000000,0.000000,1.453318,0.000000,1.453318,1
0,haydarozturkserkanyilmaz_s007_a096,haydarozturkserkanyilmaz,7,96,ABL_dominant,1,1.000000,0.000000,0.350000,0.000000,-1.150000,0
1,haydarozturkserkanyilmaz_s007_a096,haydarozturkserkanyilmaz,7,96,ABL_dominant,1,1.000000,0.000000,0.647500,0.000000,-0.852500,0
2,haydarozturkserkanyilmaz_s007_a096,haydarozturkserkanyilmaz,7,96,ABL_dominant,1,1.000000,0.000000,0.900375,0.000000,-0.599625,0
3,haydarozturkserkanyilmaz_s007_a096,haydarozturkserkanyilmaz,7,96,ABL_dominant,1,1.000000,0.000000,1.115319,0.000000,-0.384681,0
4,haydarozturkserkanyilmaz_s007_a096,haydarozturkserkanyilmaz,7,96,ABL_dominant,1,1.000000,0.000000,1.298021,0.000000,-0.201979,0
5,haydarozturkserkanyilmaz_s007_a096,haydarozturkserkanyilmaz,7,96,ABL_dominant,1,1.000000,0.000000,1.453318,0.000000,-0.046682,0
0,hayrat_s002_a010,hayrat,2,10,ABL_dominant,0,1.000000,0.000000,0.350000,0.000000,0.350000,0
1,hayrat_s002_a010,hayrat,2,10,ABL_dominant,0,1.000000,0.000000,0.647500,0.000000,0.647500,0
2,hayrat_s002_a010,hayrat,2,10,ABL_dominant,0,1.000000,0.000000,0.900375,0.000000,0.900375,0
3,hayrat_s002_a010,hayrat,2,10,ABL_dominant,0,1.000000,0.000000,1.115319,0.000000,1.115319,0
4,hayrat_s002_a010,hayrat,2,10,ABL_dominant,0,1.000000,0.000000,1.298021,0.000000,1.298021,1
5,hayrat_s002_a010,hayrat,2,10,ABL_dominant,0,1.000000,0.000000,1.453318,0.000000,1.453318,1
0,hayrat_s008_a053,hayrat,8,53,ABL_dominant,0,1.000000,0.000000,0.350000,0.000000,0.350000,0
1,hayrat_s008_a053,hayrat,8,53,ABL_dominant,0,1.000000,0.000000,0.647500,0.000000,0.647500,0
2,hayrat_s008_a053,hayrat,8,53,ABL_dominant,0,1.000000,0.000000,0.900375,0.000000,0.900375,0
3,hayrat_s008_a053,hayrat,8,53,ABL_dominant,0,1.000000,0.000000,1.115319,0.000000,1.115319,0
4,hayrat_s008_a053,hayrat,8,53,ABL_dominant,0,1.000000,0.000000,1.298021,0.000000,1.298021,1
5,hayrat_s008_a053,hayrat,8,53,ABL_dominant,0,1.000000,0.000000,1.453318,0.000000,1.453318,1
0,hayrat_s007_a096,hayrat,7,96,ABL_dominant,0,1.000000,0.000000,0.350000,0.000000,0.350000,0
1,hayrat_s007_a096,hayrat,7,96,ABL_dominant,0,1.000000,0.000000,0.647500,0.000000,0.647500,0
2,hayrat_s007_a096,hayrat,7,96,ABL_dominant,0,1.000000,0.000000,0.900375,0.000000,0.900375,0
3,hayrat_s007_a096,hayrat,7,96,ABL_dominant,0,1.000000,0.000000,1.115319,0.000000,1.115319,0
4,hayrat_s007_a096,hayrat,7,96,ABL_dominant,0,1.000000,0.000000,1.298021,0.000000,1.298021,1
5,hayrat_s007_a096,hayrat,7,96,ABL_dominant,0,1.000000,0.000000,1.453318,0.000000,1.453318,1
0,hbasricantay_s002_a010,hbasricantay,2,10,unknown,0,0.000000,0.000000,0.000000,0.000000,0.000000,0
1,hbasricantay_s002_a010,hbasricantay,2,10,unknown,0,0.000000,0.000000,0.000000,0.000000,0.000000,0
2,hbasricantay_s002_a010,hbasricantay,2,10,unknown,0,0.000000,0.000000,0.000000,0.000000,0.000000,0
3,hbasricantay_s002_a010,hbasricantay,2,10,unknown,0,0.000000,0.000000,0.000000,0.000000,0.000000,0
4,hbasricantay_s002_a010,hbasricantay,2,10,unknown,0,0.000000,0.000000,0.000000,0.000000,0.000000,0
5,hbasricantay_s002_a010,hbasricantay,2,10,unknown,0,0.000000,0.000000,0.000000,0.000000,0.000000,0
0,hbasricantay_s008_a053,hbasricantay,8,53,unknown,0,0.000000,0.000000,0.000000,0.000000,0.000000,0
1,hbasricantay_s008_a053,hbasricantay,8,53,unknown,0,0.000000,0.000000,0.000000,0.000000,0.000000,0
2,hbasricantay_s008_a053,hbasricantay,8,53,unknown,0,0.000000,0.000000,0.000000,0.000000,0.000000,0
3,hbasricantay_s008_a053,hbasricantay,8,53,unknown,0,0.000000,0.000000,0.000000,0.000000,0.000000,0
4,hbasricantay_s008_a053,hbasricantay,8,53,unknown,0,0.000000,0.000000,0.000000,0.000000,0.000000,0
5,hbasricantay_s008_a053,hbasricantay,8,53,unknown,0,0.000000,0.000000,0.000000,0.000000,0.000000,0
0,hbasricantay_s007_a096,hbasricantay,7,96,ABL_dominant,1,1.000000,0.000000,0.350000,0.000000,-1.150000,0
1,hbasricantay_s007_a096,hbasricantay,7,96,ABL_dominant,1,1.000000,0.000000,0.647500,0.000000,-0.852500,0
2,hbasricantay_s007_a096,hbasricantay,7,96,ABL_dominant,1,1.000000,0.000000,0.900375,0.000000,-0.599625,0
3,hbasricantay_s007_a096,hbasricantay,7,96,ABL_dominant,1,1.000000,0.000000,1.115319,0.000000,-0.384681,0
4,hbasricantay_s007_a096,hbasricantay,7,96,ABL_dominant,1,1.000000,0.000000,1.298021,0.000000,-0.201979,0
5,hbasricantay_s007_a096,hbasricantay,7,96,ABL_dominant,1,1.000000,0.000000,1.453318,0.000000,-0.046682,0
0,ihsanaktas_s002_a010,ihsanaktas,2,10,conditional_only,1,0.000000,0.000000,0.000000,0.000000,-1.500000,0
1,ihsanaktas_s002_a010,ihsanaktas,2,10,conditional_only,1,0.000000,0.000000,0.000000,0.000000,-1.500000,0
2,ihsanaktas_s002_a010,ihsanaktas,2,10,conditional_only,1,0.000000,0.000000,0.000000,0.000000,-1.500000,0
3,ihsanaktas_s002_a010,ihsanaktas,2,10,conditional_only,1,0.000000,0.000000,0.000000,0.000000,-1.500000,0
4,ihsanaktas_s002_a010,ihsanaktas,2,10,conditional_only,1,0.000000,0.000000,0.000000,0.000000,-1.500000,0
5,ihsanaktas_s002_a010,ihsanaktas,2,10,conditional_only,1,0.000000,0.000000,0.000000,0.000000,-1.500000,0
0,ihsanaktas_s008_a053,ihsanaktas,8,53,ABL_dominant,0,1.000000,0.000000,0.350000,0.000000,0.350000,0
1,ihsanaktas_s008_a053,ihsanaktas,8,53,ABL_dominant,0,1.000000,0.000000,0.647500,0.000000,0.647500,0
2,ihsanaktas_s008_a053,ihsanaktas,8,53,ABL_dominant,0,1.000000,0.000000,0.900375,0.000000,0.900375,0
3,ihsanaktas_s008_a053,ihsanaktas,8,53,ABL_dominant,0,1.000000,0.000000,1.115319,0.000000,1.115319,0
4,ihsanaktas_s008_a053,ihsanaktas,8,53,ABL_dominant,0,1.000000,0.000000,1.298021,0.000000,1.298021,1
5,ihsanaktas_s008_a053,ihsanaktas,8,53,ABL_dominant,0,1.000000,0.000000,1.453318,0.000000,1.453318,1
0,ihsanaktas_s007_a096,ihsanaktas,7,96,ABL_dominant,1,1.000000,0.000000,0.350000,0.000000,-1.150000,0
1,ihsanaktas_s007_a096,ihsanaktas,7,96,ABL_dominant,1,1.000000,0.000000,0.647500,0.000000,-0.852500,0
2,ihsanaktas_s007_a096,ihsanaktas,7,96,ABL_dominant,1,1.000000,0.000000,0.900375,0.000000,-0.599625,0
3,ihsanaktas_s007_a096,ihsanaktas,7,96,ABL_dominant,1,1.000000,0.000000,1.115319,0.000000,-0.384681,0
4,ihsanaktas_s007_a096,ihsanaktas,7,96,ABL_dominant,1,1.000000,0.000000,1.298021,0.000000,-0.201979,0
5,ihsanaktas_s007_a096,ihsanaktas,7,96,ABL_dominant,1,1.000000,0.000000,1.453318,0.000000,-0.046682,0
0,ilyasyorulmaz_s002_a010,ilyasyorulmaz,2,10,ABL_dominant,0,1.000000,0.000000,0.350000,0.000000,0.350000,0
1,ilyasyorulmaz_s002_a010,ilyasyorulmaz,2,10,ABL_dominant,0,1.000000,0.000000,0.647500,0.000000,0.647500,0
2,ilyasyorulmaz_s002_a010,ilyasyorulmaz,2,10,ABL_dominant,0,1.000000,0.000000,0.900375,0.000000,0.900375,0
3,ilyasyorulmaz_s002_a010,ilyasyorulmaz,2,10,ABL_dominant,0,1.000000,0.000000,1.115319,0.000000,1.115319,0
4,ilyasyorulmaz_s002_a010,ilyasyorulmaz,2,10,ABL_dominant,0,1.000000,0.000000,1.298021,0.000000,1.298021,1
5,ilyasyorulmaz_s002_a010,ilyasyorulmaz,2,10,ABL_dominant,0,1.000000,0.000000,1.453318,0.000000,1.453318,1
0,ilyasyorulmaz_s008_a053,ilyasyorulmaz,8,53,mixed,0,1.000000,0.700000,0.350000,0.245000,0.105000,0
1,ilyasyorulmaz_s008_a053,ilyasyorulmaz,8,53,mixed,0,1.000000,0.700000,0.647500,0.453250,0.194250,0
2,ilyasyorulmaz_s008_a053,ilyasyorulmaz,8,53,mixed,0,1.000000,0.700000,0.900375,0.630262,0.270112,0
3,ilyasyorulmaz_s008_a053,ilyasyorulmaz,8,53,mixed,0,1.000000,0.700000,1.115319,0.780723,0.334596,0
4,ilyasyorulmaz_s008_a053,ilyasyorulmaz,8,53,mixed,0,1.000000,0.700000,1.298021,0.908615,0.389406,0
5,ilyasyorulmaz_s008_a053,ilyasyorulmaz,8,53,mixed,0,1.000000,0.700000,1.453318,1.017322,0.435995,0
0,ilyasyorulmaz_s007_a096,ilyasyorulmaz,7,96,ABL_dominant,0,1.000000,0.000000,0.350000,0.000000,0.350000,0
1,ilyasyorulmaz_s007_a096,ilyasyorulmaz,7,96,ABL_dominant,0,1.000000,0.000000,0.647500,0.000000,0.647500,0
2,ilyasyorulmaz_s007_a096,ilyasyorulmaz,7,96,ABL_dominant,0,1.000000,0.000000,0.900375,0.000000,0.900375,0
3,ilyasyorulmaz_s007_a096,ilyasyorulmaz,7,96,ABL_dominant,0,1.000000,0.000000,1.115319,0.000000,1.115319,0
4,ilyasyorulmaz_s007_a096,ilyasyorulmaz,7,96,ABL_dominant,0,1.000000,0.000000,1.298021,0.000000,1.298021,1
5,ilyasyorulmaz_s007_a096,ilyasyorulmaz,7,96,ABL_dominant,0,1.000000,0.000000,1.453318,0.000000,1.453318,1
0,islamoglu_s002_a010,islamoglu,2,10,ABL_dominant,0,1.000000,0.000000,0.350000,0.000000,0.350000,0
1,islamoglu_s002_a010,islamoglu,2,10,ABL_dominant,0,1.000000,0.000000,0.647500,0.000000,0.647500,0
2,islamoglu_s002_a010,islamoglu,2,10,ABL_dominant,0,1.000000,0.000000,0.900375,0.000000,0.900375,0
3,islamoglu_s002_a010,islamoglu,2,10,ABL_dominant,0,1.000000,0.000000,1.115319,0.000000,1.115319,0
4,islamoglu_s002_a010,islamoglu,2,10,ABL_dominant,0,1.000000,0.000000,1.298021,0.000000,1.298021,1
5,islamoglu_s002_a010,islamoglu,2,10,ABL_dominant,0,1.000000,0.000000,1.453318,0.000000,1.453318,1
0,islamoglu_s008_a053,islamoglu,8,53,conditional_only,1,0.000000,0.000000,0.000000,0.000000,-1.500000,0
1,islamoglu_s008_a053,islamoglu,8,53,conditional_only,1,0.000000,0.000000,0.000000,0.000000,-1.500000,0
2,islamoglu_s008_a053,islamoglu,8,53,conditional_only,1,0.000000,0.000000,0.000000,0.000000,-1.500000,0
3,islamoglu_s008_a053,islamoglu,8,53,conditional_only,1,0.000000,0.000000,0.000000,0.000000,-1.500000,0
4,islamoglu_s008_a053,islamoglu,8,53,conditional_only,1,0.000000,0.000000,0.000000,0.000000,-1.500000,0
5,islamoglu_s008_a053,islamoglu,8,53,conditional_only,1,0.000000,0.000000,0.000000,0.000000,-1.500000,0
0,islamoglu_s007_a096,islamoglu,7,96,ABL_dominant,1,1.000000,0.000000,0.350000,0.000000,-1.150000,0
1,islamoglu_s007_a096,islamoglu,7,96,ABL_dominant,1,1.000000,0.000000,0.647500,0.000000,-0.852500,0
2,islamoglu_s007_a096,islamoglu,7,96,ABL_dominant,1,1.000000,0.000000,0.900375,0.000000,-0.599625,0
3,islamoglu_s007_a096,islamoglu,7,96,ABL_dominant,1,1.000000,0.000000,1.115319,0.000000,-0.384681,0
4,islamoglu_s007_a096,islamoglu,7,96,ABL_dominant,1,1.000000,0.000000,1.298021,0.000000,-0.201979,0
5,islamoglu_s007_a096,islamoglu,7,96,ABL_dominant,1,1.000000,0.000000,1.453318,0.000000,-0.046682,0
0,ismailhakkiizmirli_s002_a010,ismailhakkiizmirli,2,10,ABL_dominant,0,1.000000,0.000000,0.350000,0.000000,0.350000,0
1,ismailhakkiizmirli_s002_a010,ismailhakkiizmirli,2,10,ABL_dominant,0,1.000000,0.000000,0.647500,0.000000,0.647500,0
2,ismailhakkiizmirli_s002_a010,ismailhakkiizmirli,2,10,ABL_dominant,0,1.000000,0.000000,0.900375,0.000000,0.900375,0
3,ismailhakkiizmirli_s002_a010,ismailhakkiizmirli,2,10,ABL_dominant,0,1.000000,0.000000,1.115319,0.000000,1.115319,0
4,ismailhakkiizmirli_s002_a010,ismailhakkiizmirli,2,10,ABL_dominant,0,1.000000,0.000000,1.298021,0.000000,1.298021,1
5,ismailhakkiizmirli_s002_a010,ismailhakkiizmirli,2,10,ABL_dominant,0,1.000000,0.000000,1.453318,0.000000,1.453318,1
0,ismailhakkiizmirli_s008_a053,ismailhakkiizmirli,8,53,teleological_surface,0,0.000000,0.700000,0.000000,0.245000,-0.245000,0
1,ismailhakkiizmirli_s008_a053,ismailhakkiizmirli,8,53,teleological_surface,0,0.000000,0.700000,0.000000,0.453250,-0.453250,0
2,ismailhakkiizmirli_s008_a053,ismailhakkiizmirli,8,53,teleological_surface,0,0.000000,0.700000,0.000000,0.630262,-0.630262,0
3,ismailhakkiizmirli_s008_a053,ismailhakkiizmirli,8,53,teleological_surface,0,0.000000,0.700000,0.000000,0.780723,-0.780723,0
4,ismailhakkiizmirli_s008_a053,ismailhakkiizmirli,8,53,teleological_surface,0,0.000000,0.700000,0.000000,0.908615,-0.908615,0
5,ismailhakkiizmirli_s008_a053,ismailhakkiizmirli,8,53,teleological_surface,0,0.000000,0.700000,0.000000,1.017322,-1.017322,0
0,ismailhakkiizmirli_s007_a096,ismailhakkiizmirli,7,96,ABL_dominant,1,1.000000,0.000000,0.350000,0.000000,-1.150000,0
1,ismailhakkiizmirli_s007_a096,ismailhakkiizmirli,7,96,ABL_dominant,1,1.000000,0.000000,0.647500,0.000000,-0.852500,0
2,ismailhakkiizmirli_s007_a096,ismailhakkiizmirli,7,96,ABL_dominant,1,1.000000,0.000000,0.900375,0.000000,-0.599625,0
3,ismailhakkiizmirli_s007_a096,ismailhakkiizmirli,7,96,ABL_dominant,1,1.000000,0.000000,1.115319,0.000000,-0.384681,0
4,ismailhakkiizmirli_s007_a096,ismailhakkiizmirli,7,96,ABL_dominant,1,1.000000,0.000000,1.298021,0.000000,-0.201979,0
5,ismailhakkiizmirli_s007_a096,ismailhakkiizmirli,7,96,ABL_dominant,1,1.000000,0.000000,1.453318,0.000000,-0.046682,0
0,ismailyakit_s002_a010,ismailyakit,2,10,ABL_dominant,0,1.000000,0.000000,0.350000,0.000000,0.350000,0
1,ismailyakit_s002_a010,ismailyakit,2,10,ABL_dominant,0,1.000000,0.000000,0.647500,0.000000,0.647500,0
2,ismailyakit_s002_a010,ismailyakit,2,10,ABL_dominant,0,1.000000,0.000000,0.900375,0.000000,0.900375,0
3,ismailyakit_s002_a010,ismailyakit,2,10,ABL_dominant,0,1.000000,0.000000,1.115319,0.000000,1.115319,0
4,ismailyakit_s002_a010,ismailyakit,2,10,ABL_dominant,0,1.000000,0.000000,1.298021,0.000000,1.298021,1
5,ismailyakit_s002_a010,ismailyakit,2,10,ABL_dominant,0,1.000000,0.000000,1.453318,0.000000,1.453318,1
0,ismailyakit_s008_a053,ismailyakit,8,53,ABL_dominant,0,1.000000,0.000000,0.350000,0.000000,0.350000,0
1,ismailyakit_s008_a053,ismailyakit,8,53,ABL_dominant,0,1.000000,0.000000,0.647500,0.000000,0.647500,0
2,ismailyakit_s008_a053,ismailyakit,8,53,ABL_dominant,0,1.000000,0.000000,0.900375,0.000000,0.900375,0
3,ismailyakit_s008_a053,ismailyakit,8,53,ABL_dominant,0,1.000000,0.000000,1.115319,0.000000,1.115319,0
4,ismailyakit_s008_a053,ismailyakit,8,53,ABL_dominant,0,1.000000,0.000000,1.298021,0.000000,1.298021,1
5,ismailyakit_s008_a053,ismailyakit,8,53,ABL_dominant,0,1.000000,0.000000,1.453318,0.000000,1.453318,1
0,ismailyakit_s007_a096,ismailyakit,7,96,ABL_dominant,1,1.000000,0.000000,0.350000,0.000000,-1.150000,0
1,ismailyakit_s007_a096,ismailyakit,7,96,ABL_dominant,1,1.000000,0.000000,0.647500,0.000000,-0.852500,0
2,ismailyakit_s007_a096,ismailyakit,7,96,ABL_dominant,1,1.000000,0.000000,0.900375,0.000000,-0.599625,0
3,ismailyakit_s007_a096,ismailyakit,7,96,ABL_dominant,1,1.000000,0.000000,1.115319,0.000000,-0.384681,0
4,ismailyakit_s007_a096,ismailyakit,7,96,ABL_dominant,1,1.000000,0.000000,1.298021,0.000000,-0.201979,0
5,ismailyakit_s007_a096,ismailyakit,7,96,ABL_dominant,1,1.000000,0.000000,1.453318,0.000000,-0.046682,0
0,kadricelik_s002_a010,kadricelik,2,10,unknown,0,0.000000,0.000000,0.000000,0.000000,0.000000,0
1,kadricelik_s002_a010,kadricelik,2,10,unknown,0,0.000000,0.000000,0.000000,0.000000,0.000000,0
2,kadricelik_s002_a010,kadricelik,2,10,unknown,0,0.000000,0.000000,0.000000,0.000000,0.000000,0
3,kadricelik_s002_a010,kadricelik,2,10,unknown,0,0.000000,0.000000,0.000000,0.000000,0.000000,0
4,kadricelik_s002_a010,kadricelik,2,10,unknown,0,0.000000,0.000000,0.000000,0.000000,0.000000,0
5,kadricelik_s002_a010,kadricelik,2,10,unknown,0,0.000000,0.000000,0.000000,0.000000,0.000000,0
0,kadricelik_s008_a053,kadricelik,8,53,ABL_dominant,0,1.000000,0.000000,0.350000,0.000000,0.350000,0
1,kadricelik_s008_a053,kadricelik,8,53,ABL_dominant,0,1.000000,0.000000,0.647500,0.000000,0.647500,0
2,kadricelik_s008_a053,kadricelik,8,53,ABL_dominant,0,1.000000,0.000000,0.900375,0.000000,0.900375,0
3,kadricelik_s008_a053,kadricelik,8,53,ABL_dominant,0,1.000000,0.000000,1.115319,0.000000,1.115319,0
4,kadricelik_s008_a053,kadricelik,8,53,ABL_dominant,0,1.000000,0.000000,1.298021,0.000000,1.298021,1
5,kadricelik_s008_a053,kadricelik,8,53,ABL_dominant,0,1.000000,0.000000,1.453318,0.000000,1.453318,1
0,kadricelik_s007_a096,kadricelik,7,96,ABL_dominant,1,1.000000,0.000000,0.350000,0.000000,-1.150000,0
1,kadricelik_s007_a096,kadricelik,7,96,ABL_dominant,1,1.000000,0.000000,0.647500,0.000000,-0.852500,0
2,kadricelik_s007_a096,kadricelik,7,96,ABL_dominant,1,1.000000,0.000000,0.900375,0.000000,-0.599625,0
3,kadricelik_s007_a096,kadricelik,7,96,ABL_dominant,1,1.000000,0.000000,1.115319,0.000000,-0.384681,0
4,kadricelik_s007_a096,kadricelik,7,96,ABL_dominant,1,1.000000,0.000000,1.298021,0.000000,-0.201979,0
5,kadricelik_s007_a096,kadricelik,7,96,ABL_dominant,1,1.000000,0.000000,1.453318,0.000000,-0.046682,0
0,kuranyolu_s002_a010,kuranyolu,2,10,ABL_dominant,0,1.000000,0.000000,0.350000,0.000000,0.350000,0
1,kuranyolu_s002_a010,kuranyolu,2,10,ABL_dominant,0,1.000000,0.000000,0.647500,0.000000,0.647500,0
2,kuranyolu_s002_a010,kuranyolu,2,10,ABL_dominant,0,1.000000,0.000000,0.900375,0.000000,0.900375,0
3,kuranyolu_s002_a010,kuranyolu,2,10,ABL_dominant,0,1.000000,0.000000,1.115319,0.000000,1.115319,0
4,kuranyolu_s002_a010,kuranyolu,2,10,ABL_dominant,0,1.000000,0.000000,1.298021,0.000000,1.298021,1
5,kuranyolu_s002_a010,kuranyolu,2,10,ABL_dominant,0,1.000000,0.000000,1.453318,0.000000,1.453318,1
0,kuranyolu_s008_a053,kuranyolu,8,53,unknown,0,0.000000,0.000000,0.000000,0.000000,0.000000,0
1,kuranyolu_s008_a053,kuranyolu,8,53,unknown,0,0.000000,0.000000,0.000000,0.000000,0.000000,0
2,kuranyolu_s008_a053,kuranyolu,8,53,unknown,0,0.000000,0.000000,0.000000,0.000000,0.000000,0
3,kuranyolu_s008_a053,kuranyolu,8,53,unknown,0,0.000000,0.000000,0.000000,0.000000,0.000000,0
4,kuranyolu_s008_a053,kuranyolu,8,53,unknown,0,0.000000,0.000000,0.000000,0.000000,0.000000,0
5,kuranyolu_s008_a053,kuranyolu,8,53,unknown,0,0.000000,0.000000,0.000000,0.000000,0.000000,0
0,kuranyolu_s007_a096,kuranyolu,7,96,ABL_dominant,0,1.000000,0.000000,0.350000,0.000000,0.350000,0
1,kuranyolu_s007_a096,kuranyolu,7,96,ABL_dominant,0,1.000000,0.000000,0.647500,0.000000,0.647500,0
2,kuranyolu_s007_a096,kuranyolu,7,96,ABL_dominant,0,1.000000,0.000000,0.900375,0.000000,0.900375,0
3,kuranyolu_s007_a096,kuranyolu,7,96,ABL_dominant,0,1.000000,0.000000,1.115319,0.000000,1.115319,0
4,kuranyolu_s007_a096,kuranyolu,7,96,ABL_dominant,0,1.000000,0.000000,1.298021,0.000000,1.298021,1
5,kuranyolu_s007_a096,kuranyolu,7,96,ABL_dominant,0,1.000000,0.000000,1.453318,0.000000,1.453318,1
0,mahmutkisa_s002_a010,mahmutkisa,2,10,ABL_dominant,0,1.000000,0.000000,0.350000,0.000000,0.350000,0
1,mahmutkisa_s002_a010,mahmutkisa,2,10,ABL_dominant,0,1.000000,0.000000,0.647500,0.000000,0.647500,0
2,mahmutkisa_s002_a010,mahmutkisa,2,10,ABL_dominant,0,1.000000,0.000000,0.900375,0.000000,0.900375,0
3,mahmutkisa_s002_a010,mahmutkisa,2,10,ABL_dominant,0,1.000000,0.000000,1.115319,0.000000,1.115319,0
4,mahmutkisa_s002_a010,mahmutkisa,2,10,ABL_dominant,0,1.000000,0.000000,1.298021,0.000000,1.298021,1
5,mahmutkisa_s002_a010,mahmutkisa,2,10,ABL_dominant,0,1.000000,0.000000,1.453318,0.000000,1.453318,1
0,mahmutkisa_s008_a053,mahmutkisa,8,53,teleological_surface,1,0.000000,0.700000,0.000000,0.245000,-1.745000,0
1,mahmutkisa_s008_a053,mahmutkisa,8,53,teleological_surface,1,0.000000,0.700000,0.000000,0.453250,-1.953250,0
2,mahmutkisa_s008_a053,mahmutkisa,8,53,teleological_surface,1,0.000000,0.700000,0.000000,0.630262,-2.130262,0
3,mahmutkisa_s008_a053,mahmutkisa,8,53,teleological_surface,1,0.000000,0.700000,0.000000,0.780723,-2.280723,0
4,mahmutkisa_s008_a053,mahmutkisa,8,53,teleological_surface,1,0.000000,0.700000,0.000000,0.908615,-2.408615,0
5,mahmutkisa_s008_a053,mahmutkisa,8,53,teleological_surface,1,0.000000,0.700000,0.000000,1.017322,-2.517322,0
0,mahmutkisa_s007_a096,mahmutkisa,7,96,ABL_dominant,1,1.000000,0.000000,0.350000,0.000000,-1.150000,0
1,mahmutkisa_s007_a096,mahmutkisa,7,96,ABL_dominant,1,1.000000,0.000000,0.647500,0.000000,-0.852500,0
2,mahmutkisa_s007_a096,mahmutkisa,7,96,ABL_dominant,1,1.000000,0.000000,0.900375,0.000000,-0.599625,0
3,mahmutkisa_s007_a096,mahmutkisa,7,96,ABL_dominant,1,1.000000,0.000000,1.115319,0.000000,-0.384681,0
4,mahmutkisa_s007_a096,mahmutkisa,7,96,ABL_dominant,1,1.000000,0.000000,1.298021,0.000000,-0.201979,0
5,mahmutkisa_s007_a096,mahmutkisa,7,96,ABL_dominant,1,1.000000,0.000000,1.453318,0.000000,-0.046682,0
0,mahmutozdemir_s002_a010,mahmutozdemir,2,10,unknown,0,0.000000,0.000000,0.000000,0.000000,0.000000,0
1,mahmutozdemir_s002_a010,mahmutozdemir,2,10,unknown,0,0.000000,0.000000,0.000000,0.000000,0.000000,0
2,mahmutozdemir_s002_a010,mahmutozdemir,2,10,unknown,0,0.000000,0.000000,0.000000,0.000000,0.000000,0
3,mahmutozdemir_s002_a010,mahmutozdemir,2,10,unknown,0,0.000000,0.000000,0.000000,0.000000,0.000000,0
4,mahmutozdemir_s002_a010,mahmutozdemir,2,10,unknown,0,0.000000,0.000000,0.000000,0.000000,0.000000,0
5,mahmutozdemir_s002_a010,mahmutozdemir,2,10,unknown,0,0.000000,0.000000,0.000000,0.000000,0.000000,0
0,mahmutozdemir_s008_a053,mahmutozdemir,8,53,teleological_surface,0,0.000000,0.700000,0.000000,0.245000,-0.245000,0
1,mahmutozdemir_s008_a053,mahmutozdemir,8,53,teleological_surface,0,0.000000,0.700000,0.000000,0.453250,-0.453250,0
2,mahmutozdemir_s008_a053,mahmutozdemir,8,53,teleological_surface,0,0.000000,0.700000,0.000000,0.630262,-0.630262,0
3,mahmutozdemir_s008_a053,mahmutozdemir,8,53,teleological_surface,0,0.000000,0.700000,0.000000,0.780723,-0.780723,0
4,mahmutozdemir_s008_a053,mahmutozdemir,8,53,teleological_surface,0,0.000000,0.700000,0.000000,0.908615,-0.908615,0
5,mahmutozdemir_s008_a053,mahmutozdemir,8,53,teleological_surface,0,0.000000,0.700000,0.000000,1.017322,-1.017322,0
0,mahmutozdemir_s007_a096,mahmutozdemir,7,96,ABL_dominant,0,1.000000,0.000000,0.350000,0.000000,0.350000,0
1,mahmutozdemir_s007_a096,mahmutozdemir,7,96,ABL_dominant,0,1.000000,0.000000,0.647500,0.000000,0.647500,0
2,mahmutozdemir_s007_a096,mahmutozdemir,7,96,ABL_dominant,0,1.000000,0.000000,0.900375,0.000000,0.900375,0
3,mahmutozdemir_s007_a096,mahmutozdemir,7,96,ABL_dominant,0,1.000000,0.000000,1.115319,0.000000,1.115319,0
4,mahmutozdemir_s007_a096,mahmutozdemir,7,96,ABL_dominant,0,1.000000,0.000000,1.298021,0.000000,1.298021,1
5,mahmutozdemir_s007_a096,mahmutozdemir,7,96,ABL_dominant,0,1.000000,0.000000,1.453318,0.000000,1.453318,1
0,mehmetcakir_s002_a010,mehmetcakir,2,10,teleological_surface,0,0.000000,1.500000,0.000000,0.525000,-0.525000,0
1,mehmetcakir_s002_a010,mehmetcakir,2,10,teleological_surface,0,0.000000,1.500000,0.000000,0.971250,-0.971250,0
2,mehmetcakir_s002_a010,mehmetcakir,2,10,teleological_surface,0,0.000000,1.500000,0.000000,1.350562,-1.350562,0
3,mehmetcakir_s002_a010,mehmetcakir,2,10,teleological_surface,0,0.000000,1.500000,0.000000,1.672978,-1.672978,0
4,mehmetcakir_s002_a010,mehmetcakir,2,10,teleological_surface,0,0.000000,1.500000,0.000000,1.947031,-1.947031,0
5,mehmetcakir_s002_a010,mehmetcakir,2,10,teleological_surface,0,0.000000,1.500000,0.000000,2.179977,-2.179977,0
0,mehmetcakir_s008_a053,mehmetcakir,8,53,unknown,0,0.000000,0.000000,0.000000,0.000000,0.000000,0
1,mehmetcakir_s008_a053,mehmetcakir,8,53,unknown,0,0.000000,0.000000,0.000000,0.000000,0.000000,0
2,mehmetcakir_s008_a053,mehmetcakir,8,53,unknown,0,0.000000,0.000000,0.000000,0.000000,0.000000,0
3,mehmetcakir_s008_a053,mehmetcakir,8,53,unknown,0,0.000000,0.000000,0.000000,0.000000,0.000000,0
4,mehmetcakir_s008_a053,mehmetcakir,8,53,unknown,0,0.000000,0.000000,0.000000,0.000000,0.000000,0
5,mehmetcakir_s008_a053,mehmetcakir,8,53,unknown,0,0.000000,0.000000,0.000000,0.000000,0.000000,0
0,mehmetcakir_s007_a096,mehmetcakir,7,96,conditional_only,1,0.000000,0.000000,0.000000,0.000000,-1.500000,0
1,mehmetcakir_s007_a096,mehmetcakir,7,96,conditional_only,1,0.000000,0.000000,0.000000,0.000000,-1.500000,0
2,mehmetcakir_s007_a096,mehmetcakir,7,96,conditional_only,1,0.000000,0.000000,0.000000,0.000000,-1.500000,0
3,mehmetcakir_s007_a096,mehmetcakir,7,96,conditional_only,1,0.000000,0.000000,0.000000,0.000000,-1.500000,0
4,mehmetcakir_s007_a096,mehmetcakir,7,96,conditional_only,1,0.000000,0.000000,0.000000,0.000000,-1.500000,0
5,mehmetcakir_s007_a096,mehmetcakir,7,96,conditional_only,1,0.000000,0.000000,0.000000,0.000000,-1.500000,0
0,mehmetcoban_s002_a010,mehmetcoban,2,10,ABL_dominant,1,1.000000,0.000000,0.350000,0.000000,-1.150000,0
1,mehmetcoban_s002_a010,mehmetcoban,2,10,ABL_dominant,1,1.000000,0.000000,0.647500,0.000000,-0.852500,0
2,mehmetcoban_s002_a010,mehmetcoban,2,10,ABL_dominant,1,1.000000,0.000000,0.900375,0.000000,-0.599625,0
3,mehmetcoban_s002_a010,mehmetcoban,2,10,ABL_dominant,1,1.000000,0.000000,1.115319,0.000000,-0.384681,0
4,mehmetcoban_s002_a010,mehmetcoban,2,10,ABL_dominant,1,1.000000,0.000000,1.298021,0.000000,-0.201979,0
5,mehmetcoban_s002_a010,mehmetcoban,2,10,ABL_dominant,1,1.000000,0.000000,1.453318,0.000000,-0.046682,0
0,mehmetcoban_s008_a053,mehmetcoban,8,53,ABL_dominant,0,1.000000,0.000000,0.350000,0.000000,0.350000,0
1,mehmetcoban_s008_a053,mehmetcoban,8,53,ABL_dominant,0,1.000000,0.000000,0.647500,0.000000,0.647500,0
2,mehmetcoban_s008_a053,mehmetcoban,8,53,ABL_dominant,0,1.000000,0.000000,0.900375,0.000000,0.900375,0
3,mehmetcoban_s008_a053,mehmetcoban,8,53,ABL_dominant,0,1.000000,0.000000,1.115319,0.000000,1.115319,0
4,mehmetcoban_s008_a053,mehmetcoban,8,53,ABL_dominant,0,1.000000,0.000000,1.298021,0.000000,1.298021,1
5,mehmetcoban_s008_a053,mehmetcoban,8,53,ABL_dominant,0,1.000000,0.000000,1.453318,0.000000,1.453318,1
0,mehmetcoban_s007_a096,mehmetcoban,7,96,ABL_dominant,0,1.000000,0.000000,0.350000,0.000000,0.350000,0
1,mehmetcoban_s007_a096,mehmetcoban,7,96,ABL_dominant,0,1.000000,0.000000,0.647500,0.000000,0.647500,0
2,mehmetcoban_s007_a096,mehmetcoban,7,96,ABL_dominant,0,1.000000,0.000000,0.900375,0.000000,0.900375,0
3,mehmetcoban_s007_a096,mehmetcoban,7,96,ABL_dominant,0,1.000000,0.000000,1.115319,0.000000,1.115319,0
4,mehmetcoban_s007_a096,mehmetcoban,7,96,ABL_dominant,0,1.000000,0.000000,1.298021,0.000000,1.298021,1
5,mehmetcoban_s007_a096,mehmetcoban,7,96,ABL_dominant,0,1.000000,0.000000,1.453318,0.000000,1.453318,1
0,mehmetokuyan_s002_a010,mehmetokuyan,2,10,unknown,0,0.000000,0.000000,0.000000,0.000000,0.000000,0
1,mehmetokuyan_s002_a010,mehmetokuyan,2,10,unknown,0,0.000000,0.000000,0.000000,0.000000,0.000000,0
2,mehmetokuyan_s002_a010,mehmetokuyan,2,10,unknown,0,0.000000,0.000000,0.000000,0.000000,0.000000,0
3,mehmetokuyan_s002_a010,mehmetokuyan,2,10,unknown,0,0.000000,0.000000,0.000000,0.000000,0.000000,0
4,mehmetokuyan_s002_a010,mehmetokuyan,2,10,unknown,0,0.000000,0.000000,0.000000,0.000000,0.000000,0
5,mehmetokuyan_s002_a010,mehmetokuyan,2,10,unknown,0,0.000000,0.000000,0.000000,0.000000,0.000000,0
0,mehmetokuyan_s008_a053,mehmetokuyan,8,53,unknown,0,0.000000,0.000000,0.000000,0.000000,0.000000,0
1,mehmetokuyan_s008_a053,mehmetokuyan,8,53,unknown,0,0.000000,0.000000,0.000000,0.000000,0.000000,0
2,mehmetokuyan_s008_a053,mehmetokuyan,8,53,unknown,0,0.000000,0.000000,0.000000,0.000000,0.000000,0
3,mehmetokuyan_s008_a053,mehmetokuyan,8,53,unknown,0,0.000000,0.000000,0.000000,0.000000,0.000000,0
4,mehmetokuyan_s008_a053,mehmetokuyan,8,53,unknown,0,0.000000,0.000000,0.000000,0.000000,0.000000,0
5,mehmetokuyan_s008_a053,mehmetokuyan,8,53,unknown,0,0.000000,0.000000,0.000000,0.000000,0.000000,0
0,mehmetokuyan_s007_a096,mehmetokuyan,7,96,ABL_dominant,0,1.000000,0.000000,0.350000,0.000000,0.350000,0
1,mehmetokuyan_s007_a096,mehmetokuyan,7,96,ABL_dominant,0,1.000000,0.000000,0.647500,0.000000,0.647500,0
2,mehmetokuyan_s007_a096,mehmetokuyan,7,96,ABL_dominant,0,1.000000,0.000000,0.900375,0.000000,0.900375,0
3,mehmetokuyan_s007_a096,mehmetokuyan,7,96,ABL_dominant,0,1.000000,0.000000,1.115319,0.000000,1.115319,0
4,mehmetokuyan_s007_a096,mehmetokuyan,7,96,ABL_dominant,0,1.000000,0.000000,1.298021,0.000000,1.298021,1
5,mehmetokuyan_s007_a096,mehmetokuyan,7,96,ABL_dominant,0,1.000000,0.000000,1.453318,0.000000,1.453318,1
0,mehmetturk_s002_a010,mehmetturk,2,10,ABL_dominant,0,1.000000,0.000000,0.350000,0.000000,0.350000,0
1,mehmetturk_s002_a010,mehmetturk,2,10,ABL_dominant,0,1.000000,0.000000,0.647500,0.000000,0.647500,0
2,mehmetturk_s002_a010,mehmetturk,2,10,ABL_dominant,0,1.000000,0.000000,0.900375,0.000000,0.900375,0
3,mehmetturk_s002_a010,mehmetturk,2,10,ABL_dominant,0,1.000000,0.000000,1.115319,0.000000,1.115319,0
4,mehmetturk_s002_a010,mehmetturk,2,10,ABL_dominant,0,1.000000,0.000000,1.298021,0.000000,1.298021,1
5,mehmetturk_s002_a010,mehmetturk,2,10,ABL_dominant,0,1.000000,0.000000,1.453318,0.000000,1.453318,1
0,mehmetturk_s008_a053,mehmetturk,8,53,ABL_dominant,0,1.000000,0.000000,0.350000,0.000000,0.350000,0
1,mehmetturk_s008_a053,mehmetturk,8,53,ABL_dominant,0,1.000000,0.000000,0.647500,0.000000,0.647500,0
2,mehmetturk_s008_a053,mehmetturk,8,53,ABL_dominant,0,1.000000,0.000000,0.900375,0.000000,0.900375,0
3,mehmetturk_s008_a053,mehmetturk,8,53,ABL_dominant,0,1.000000,0.000000,1.115319,0.000000,1.115319,0
4,mehmetturk_s008_a053,mehmetturk,8,53,ABL_dominant,0,1.000000,0.000000,1.298021,0.000000,1.298021,1
5,mehmetturk_s008_a053,mehmetturk,8,53,ABL_dominant,0,1.000000,0.000000,1.453318,0.000000,1.453318,1
0,mehmetturk_s007_a096,mehmetturk,7,96,ABL_dominant,1,1.000000,0.000000,0.350000,0.000000,-1.150000,0
1,mehmetturk_s007_a096,mehmetturk,7,96,ABL_dominant,1,1.000000,0.000000,0.647500,0.000000,-0.852500,0
2,mehmetturk_s007_a096,mehmetturk,7,96,ABL_dominant,1,1.000000,0.000000,0.900375,0.000000,-0.599625,0
3,mehmetturk_s007_a096,mehmetturk,7,96,ABL_dominant,1,1.000000,0.000000,1.115319,0.000000,-0.384681,0
4,mehmetturk_s007_a096,mehmetturk,7,96,ABL_dominant,1,1.000000,0.000000,1.298021,0.000000,-0.201979,0
5,mehmetturk_s007_a096,mehmetturk,7,96,ABL_dominant,1,1.000000,0.000000,1.453318,0.000000,-0.046682,0
0,muhammedesed_s002_a010,muhammedesed,2,10,ABL_dominant,0,1.000000,0.000000,0.350000,0.000000,0.350000,0
1,muhammedesed_s002_a010,muhammedesed,2,10,ABL_dominant,0,1.000000,0.000000,0.647500,0.000000,0.647500,0
2,muhammedesed_s002_a010,muhammedesed,2,10,ABL_dominant,0,1.000000,0.000000,0.900375,0.000000,0.900375,0
3,muhammedesed_s002_a010,muhammedesed,2,10,ABL_dominant,0,1.000000,0.000000,1.115319,0.000000,1.115319,0
4,muhammedesed_s002_a010,muhammedesed,2,10,ABL_dominant,0,1.000000,0.000000,1.298021,0.000000,1.298021,1
5,muhammedesed_s002_a010,muhammedesed,2,10,ABL_dominant,0,1.000000,0.000000,1.453318,0.000000,1.453318,1
0,muhammedesed_s008_a053,muhammedesed,8,53,ABL_dominant,0,1.000000,0.000000,0.350000,0.000000,0.350000,0
1,muhammedesed_s008_a053,muhammedesed,8,53,ABL_dominant,0,1.000000,0.000000,0.647500,0.000000,0.647500,0
2,muhammedesed_s008_a053,muhammedesed,8,53,ABL_dominant,0,1.000000,0.000000,0.900375,0.000000,0.900375,0
3,muhammedesed_s008_a053,muhammedesed,8,53,ABL_dominant,0,1.000000,0.000000,1.115319,0.000000,1.115319,0
4,muhammedesed_s008_a053,muhammedesed,8,53,ABL_dominant,0,1.000000,0.000000,1.298021,0.000000,1.298021,1
5,muhammedesed_s008_a053,muhammedesed,8,53,ABL_dominant,0,1.000000,0.000000,1.453318,0.000000,1.453318,1
0,muhammedesed_s007_a096,muhammedesed,7,96,ABL_dominant,1,1.000000,0.000000,0.350000,0.000000,-1.150000,0
1,muhammedesed_s007_a096,muhammedesed,7,96,ABL_dominant,1,1.000000,0.000000,0.647500,0.000000,-0.852500,0
2,muhammedesed_s007_a096,muhammedesed,7,96,ABL_dominant,1,1.000000,0.000000,0.900375,0.000000,-0.599625,0
3,muhammedesed_s007_a096,muhammedesed,7,96,ABL_dominant,1,1.000000,0.000000,1.115319,0.000000,-0.384681,0
4,muhammedesed_s007_a096,muhammedesed,7,96,ABL_dominant,1,1.000000,0.000000,1.298021,0.000000,-0.201979,0
5,muhammedesed_s007_a096,muhammedesed,7,96,ABL_dominant,1,1.000000,0.000000,1.453318,0.000000,-0.046682,0
0,mustafacavdar_s002_a010,mustafacavdar,2,10,ABL_dominant,0,1.000000,0.000000,0.350000,0.000000,0.350000,0
1,mustafacavdar_s002_a010,mustafacavdar,2,10,ABL_dominant,0,1.000000,0.000000,0.647500,0.000000,0.647500,0
2,mustafacavdar_s002_a010,mustafacavdar,2,10,ABL_dominant,0,1.000000,0.000000,0.900375,0.000000,0.900375,0
3,mustafacavdar_s002_a010,mustafacavdar,2,10,ABL_dominant,0,1.000000,0.000000,1.115319,0.000000,1.115319,0
4,mustafacavdar_s002_a010,mustafacavdar,2,10,ABL_dominant,0,1.000000,0.000000,1.298021,0.000000,1.298021,1
5,mustafacavdar_s002_a010,mustafacavdar,2,10,ABL_dominant,0,1.000000,0.000000,1.453318,0.000000,1.453318,1
0,mustafacavdar_s008_a053,mustafacavdar,8,53,ABL_dominant,0,1.000000,0.000000,0.350000,0.000000,0.350000,0
1,mustafacavdar_s008_a053,mustafacavdar,8,53,ABL_dominant,0,1.000000,0.000000,0.647500,0.000000,0.647500,0
2,mustafacavdar_s008_a053,mustafacavdar,8,53,ABL_dominant,0,1.000000,0.000000,0.900375,0.000000,0.900375,0
3,mustafacavdar_s008_a053,mustafacavdar,8,53,ABL_dominant,0,1.000000,0.000000,1.115319,0.000000,1.115319,0
4,mustafacavdar_s008_a053,mustafacavdar,8,53,ABL_dominant,0,1.000000,0.000000,1.298021,0.000000,1.298021,1
5,mustafacavdar_s008_a053,mustafacavdar,8,53,ABL_dominant,0,1.000000,0.000000,1.453318,0.000000,1.453318,1
0,mustafacavdar_s007_a096,mustafacavdar,7,96,conditional_only,1,0.000000,0.000000,0.000000,0.000000,-1.500000,0
1,mustafacavdar_s007_a096,mustafacavdar,7,96,conditional_only,1,0.000000,0.000000,0.000000,0.000000,-1.500000,0
2,mustafacavdar_s007_a096,mustafacavdar,7,96,conditional_only,1,0.000000,0.000000,0.000000,0.000000,-1.500000,0
3,mustafacavdar_s007_a096,mustafacavdar,7,96,conditional_only,1,0.000000,0.000000,0.000000,0.000000,-1.500000,0
4,mustafacavdar_s007_a096,mustafacavdar,7,96,conditional_only,1,0.000000,0.000000,0.000000,0.000000,-1.500000,0
5,mustafacavdar_s007_a096,mustafacavdar,7,96,conditional_only,1,0.000000,0.000000,0.000000,0.000000,-1.500000,0
0,omernasuhi_s002_a010,omernasuhi,2,10,unknown,0,0.000000,0.000000,0.000000,0.000000,0.000000,0
1,omernasuhi_s002_a010,omernasuhi,2,10,unknown,0,0.000000,0.000000,0.000000,0.000000,0.000000,0
2,omernasuhi_s002_a010,omernasuhi,2,10,unknown,0,0.000000,0.000000,0.000000,0.000000,0.000000,0
3,omernasuhi_s002_a010,omernasuhi,2,10,unknown,0,0.000000,0.000000,0.000000,0.000000,0.000000,0
4,omernasuhi_s002_a010,omernasuhi,2,10,unknown,0,0.000000,0.000000,0.000000,0.000000,0.000000,0
5,omernasuhi_s002_a010,omernasuhi,2,10,unknown,0,0.000000,0.000000,0.000000,0.000000,0.000000,0
0,omernasuhi_s008_a053,omernasuhi,8,53,unknown,0,0.000000,0.000000,0.000000,0.000000,0.000000,0
1,omernasuhi_s008_a053,omernasuhi,8,53,unknown,0,0.000000,0.000000,0.000000,0.000000,0.000000,0
2,omernasuhi_s008_a053,omernasuhi,8,53,unknown,0,0.000000,0.000000,0.000000,0.000000,0.000000,0
3,omernasuhi_s008_a053,omernasuhi,8,53,unknown,0,0.000000,0.000000,0.000000,0.000000,0.000000,0
4,omernasuhi_s008_a053,omernasuhi,8,53,unknown,0,0.000000,0.000000,0.000000,0.000000,0.000000,0
5,omernasuhi_s008_a053,omernasuhi,8,53,unknown,0,0.000000,0.000000,0.000000,0.000000,0.000000,0
0,omernasuhi_s007_a096,omernasuhi,7,96,ABL_dominant,1,1.000000,0.000000,0.350000,0.000000,-1.150000,0
1,omernasuhi_s007_a096,omernasuhi,7,96,ABL_dominant,1,1.000000,0.000000,0.647500,0.000000,-0.852500,0
2,omernasuhi_s007_a096,omernasuhi,7,96,ABL_dominant,1,1.000000,0.000000,0.900375,0.000000,-0.599625,0
3,omernasuhi_s007_a096,omernasuhi,7,96,ABL_dominant,1,1.000000,0.000000,1.115319,0.000000,-0.384681,0
4,omernasuhi_s007_a096,omernasuhi,7,96,ABL_dominant,1,1.000000,0.000000,1.298021,0.000000,-0.201979,0
5,omernasuhi_s007_a096,omernasuhi,7,96,ABL_dominant,1,1.000000,0.000000,1.453318,0.000000,-0.046682,0
0,orhankuntman_s002_a010,orhankuntman,2,10,ABL_dominant,0,1.000000,0.000000,0.350000,0.000000,0.350000,0
1,orhankuntman_s002_a010,orhankuntman,2,10,ABL_dominant,0,1.000000,0.000000,0.647500,0.000000,0.647500,0
2,orhankuntman_s002_a010,orhankuntman,2,10,ABL_dominant,0,1.000000,0.000000,0.900375,0.000000,0.900375,0
3,orhankuntman_s002_a010,orhankuntman,2,10,ABL_dominant,0,1.000000,0.000000,1.115319,0.000000,1.115319,0
4,orhankuntman_s002_a010,orhankuntman,2,10,ABL_dominant,0,1.000000,0.000000,1.298021,0.000000,1.298021,1
5,orhankuntman_s002_a010,orhankuntman,2,10,ABL_dominant,0,1.000000,0.000000,1.453318,0.000000,1.453318,1
0,orhankuntman_s008_a053,orhankuntman,8,53,unknown,0,0.000000,0.000000,0.000000,0.000000,0.000000,0
1,orhankuntman_s008_a053,orhankuntman,8,53,unknown,0,0.000000,0.000000,0.000000,0.000000,0.000000,0
2,orhankuntman_s008_a053,orhankuntman,8,53,unknown,0,0.000000,0.000000,0.000000,0.000000,0.000000,0
3,orhankuntman_s008_a053,orhankuntman,8,53,unknown,0,0.000000,0.000000,0.000000,0.000000,0.000000,0
4,orhankuntman_s008_a053,orhankuntman,8,53,unknown,0,0.000000,0.000000,0.000000,0.000000,0.000000,0
5,orhankuntman_s008_a053,orhankuntman,8,53,unknown,0,0.000000,0.000000,0.000000,0.000000,0.000000,0
0,orhankuntman_s007_a096,orhankuntman,7,96,ABL_dominant,1,1.000000,0.000000,0.350000,0.000000,-1.150000,0
1,orhankuntman_s007_a096,orhankuntman,7,96,ABL_dominant,1,1.000000,0.000000,0.647500,0.000000,-0.852500,0
2,orhankuntman_s007_a096,orhankuntman,7,96,ABL_dominant,1,1.000000,0.000000,0.900375,0.000000,-0.599625,0
3,orhankuntman_s007_a096,orhankuntman,7,96,ABL_dominant,1,1.000000,0.000000,1.115319,0.000000,-0.384681,0
4,orhankuntman_s007_a096,orhankuntman,7,96,ABL_dominant,1,1.000000,0.000000,1.298021,0.000000,-0.201979,0
5,orhankuntman_s007_a096,orhankuntman,7,96,ABL_dominant,1,1.000000,0.000000,1.453318,0.000000,-0.046682,0
0,sates_s002_a010,sates,2,10,ABL_dominant,0,1.000000,0.000000,0.350000,0.000000,0.350000,0
1,sates_s002_a010,sates,2,10,ABL_dominant,0,1.000000,0.000000,0.647500,0.000000,0.647500,0
2,sates_s002_a010,sates,2,10,ABL_dominant,0,1.000000,0.000000,0.900375,0.000000,0.900375,0
3,sates_s002_a010,sates,2,10,ABL_dominant,0,1.000000,0.000000,1.115319,0.000000,1.115319,0
4,sates_s002_a010,sates,2,10,ABL_dominant,0,1.000000,0.000000,1.298021,0.000000,1.298021,1
5,sates_s002_a010,sates,2,10,ABL_dominant,0,1.000000,0.000000,1.453318,0.000000,1.453318,1
0,sates_s008_a053,sates,8,53,unknown,0,0.000000,0.000000,0.000000,0.000000,0.000000,0
1,sates_s008_a053,sates,8,53,unknown,0,0.000000,0.000000,0.000000,0.000000,0.000000,0
2,sates_s008_a053,sates,8,53,unknown,0,0.000000,0.000000,0.000000,0.000000,0.000000,0
3,sates_s008_a053,sates,8,53,unknown,0,0.000000,0.000000,0.000000,0.000000,0.000000,0
4,sates_s008_a053,sates,8,53,unknown,0,0.000000,0.000000,0.000000,0.000000,0.000000,0
5,sates_s008_a053,sates,8,53,unknown,0,0.000000,0.000000,0.000000,0.000000,0.000000,0
0,sates_s007_a096,sates,7,96,ABL_dominant,0,1.000000,0.000000,0.350000,0.000000,0.350000,0
1,sates_s007_a096,sates,7,96,ABL_dominant,0,1.000000,0.000000,0.647500,0.000000,0.647500,0
2,sates_s007_a096,sates,7,96,ABL_dominant,0,1.000000,0.000000,0.900375,0.000000,0.900375,0
3,sates_s007_a096,sates,7,96,ABL_dominant,0,1.000000,0.000000,1.115319,0.000000,1.115319,0
4,sates_s007_a096,sates,7,96,ABL_dominant,0,1.000000,0.000000,1.298021,0.000000,1.298021,1
5,sates_s007_a096,sates,7,96,ABL_dominant,0,1.000000,0.000000,1.453318,0.000000,1.453318,1
0,satiralti_s002_a010,satiralti,2,10,unknown,0,0.000000,0.000000,0.000000,0.000000,0.000000,0
1,satiralti_s002_a010,satiralti,2,10,unknown,0,0.000000,0.000000,0.000000,0.000000,0.000000,0
2,satiralti_s002_a010,satiralti,2,10,unknown,0,0.000000,0.000000,0.000000,0.000000,0.000000,0
3,satiralti_s002_a010,satiralti,2,10,unknown,0,0.000000,0.000000,0.000000,0.000000,0.000000,0
4,satiralti_s002_a010,satiralti,2,10,unknown,0,0.000000,0.000000,0.000000,0.000000,0.000000,0
5,satiralti_s002_a010,satiralti,2,10,unknown,0,0.000000,0.000000,0.000000,0.000000,0.000000,0
0,satiralti_s008_a053,satiralti,8,53,ABL_dominant,1,1.000000,0.000000,0.350000,0.000000,-1.150000,0
1,satiralti_s008_a053,satiralti,8,53,ABL_dominant,1,1.000000,0.000000,0.647500,0.000000,-0.852500,0
2,satiralti_s008_a053,satiralti,8,53,ABL_dominant,1,1.000000,0.000000,0.900375,0.000000,-0.599625,0
3,satiralti_s008_a053,satiralti,8,53,ABL_dominant,1,1.000000,0.000000,1.115319,0.000000,-0.384681,0
4,satiralti_s008_a053,satiralti,8,53,ABL_dominant,1,1.000000,0.000000,1.298021,0.000000,-0.201979,0
5,satiralti_s008_a053,satiralti,8,53,ABL_dominant,1,1.000000,0.000000,1.453318,0.000000,-0.046682,0
0,satiralti_s007_a096,satiralti,7,96,ABL_dominant,1,1.000000,0.000000,0.350000,0.000000,-1.150000,0
1,satiralti_s007_a096,satiralti,7,96,ABL_dominant,1,1.000000,0.000000,0.647500,0.000000,-0.852500,0
2,satiralti_s007_a096,satiralti,7,96,ABL_dominant,1,1.000000,0.000000,0.900375,0.000000,-0.599625,0
3,satiralti_s007_a096,satiralti,7,96,ABL_dominant,1,1.000000,0.000000,1.115319,0.000000,-0.384681,0
4,satiralti_s007_a096,satiralti,7,96,ABL_dominant,1,1.000000,0.000000,1.298021,0.000000,-0.201979,0
5,satiralti_s007_a096,satiralti,7,96,ABL_dominant,1,1.000000,0.000000,1.453318,0.000000,-0.046682,0
0,simsek_s002_a010,simsek,2,10,ABL_dominant,0,1.000000,0.000000,0.350000,0.000000,0.350000,0
1,simsek_s002_a010,simsek,2,10,ABL_dominant,0,1.000000,0.000000,0.647500,0.000000,0.647500,0
2,simsek_s002_a010,simsek,2,10,ABL_dominant,0,1.000000,0.000000,0.900375,0.000000,0.900375,0
3,simsek_s002_a010,simsek,2,10,ABL_dominant,0,1.000000,0.000000,1.115319,0.000000,1.115319,0
4,simsek_s002_a010,simsek,2,10,ABL_dominant,0,1.000000,0.000000,1.298021,0.000000,1.298021,1
5,simsek_s002_a010,simsek,2,10,ABL_dominant,0,1.000000,0.000000,1.453318,0.000000,1.453318,1
0,simsek_s008_a053,simsek,8,53,unknown,0,0.000000,0.000000,0.000000,0.000000,0.000000,0
1,simsek_s008_a053,simsek,8,53,unknown,0,0.000000,0.000000,0.000000,0.000000,0.000000,0
2,simsek_s008_a053,simsek,8,53,unknown,0,0.000000,0.000000,0.000000,0.000000,0.000000,0
3,simsek_s008_a053,simsek,8,53,unknown,0,0.000000,0.000000,0.000000,0.000000,0.000000,0
4,simsek_s008_a053,simsek,8,53,unknown,0,0.000000,0.000000,0.000000,0.000000,0.000000,0
5,simsek_s008_a053,simsek,8,53,unknown,0,0.000000,0.000000,0.000000,0.000000,0.000000,0
0,simsek_s007_a096,simsek,7,96,ABL_dominant,1,1.000000,0.000000,0.350000,0.000000,-1.150000,0
1,simsek_s007_a096,simsek,7,96,ABL_dominant,1,1.000000,0.000000,0.647500,0.000000,-0.852500,0
2,simsek_s007_a096,simsek,7,96,ABL_dominant,1,1.000000,0.000000,0.900375,0.000000,-0.599625,0
3,simsek_s007_a096,simsek,7,96,ABL_dominant,1,1.000000,0.000000,1.115319,0.000000,-0.384681,0
4,simsek_s007_a096,simsek,7,96,ABL_dominant,1,1.000000,0.000000,1.298021,0.000000,-0.201979,0
5,simsek_s007_a096,simsek,7,96,ABL_dominant,1,1.000000,0.000000,1.453318,0.000000,-0.046682,0
0,spiris_s002_a010,spiris,2,10,ABL_dominant,0,1.000000,0.000000,0.350000,0.000000,0.350000,0
1,spiris_s002_a010,spiris,2,10,ABL_dominant,0,1.000000,0.000000,0.647500,0.000000,0.647500,0
2,spiris_s002_a010,spiris,2,10,ABL_dominant,0,1.000000,0.000000,0.900375,0.000000,0.900375,0
3,spiris_s002_a010,spiris,2,10,ABL_dominant,0,1.000000,0.000000,1.115319,0.000000,1.115319,0
4,spiris_s002_a010,spiris,2,10,ABL_dominant,0,1.000000,0.000000,1.298021,0.000000,1.298021,1
5,spiris_s002_a010,spiris,2,10,ABL_dominant,0,1.000000,0.000000,1.453318,0.000000,1.453318,1
0,spiris_s008_a053,spiris,8,53,unknown,0,0.000000,0.000000,0.000000,0.000000,0.000000,0
1,spiris_s008_a053,spiris,8,53,unknown,0,0.000000,0.000000,0.000000,0.000000,0.000000,0
2,spiris_s008_a053,spiris,8,53,unknown,0,0.000000,0.000000,0.000000,0.000000,0.000000,0
3,spiris_s008_a053,spiris,8,53,unknown,0,0.000000,0.000000,0.000000,0.000000,0.000000,0
4,spiris_s008_a053,spiris,8,53,unknown,0,0.000000,0.000000,0.000000,0.000000,0.000000,0
5,spiris_s008_a053,spiris,8,53,unknown,0,0.000000,0.000000,0.000000,0.000000,0.000000,0
0,spiris_s007_a096,spiris,7,96,ABL_dominant,1,1.000000,0.000000,0.350000,0.000000,-1.150000,0
1,spiris_s007_a096,spiris,7,96,ABL_dominant,1,1.000000,0.000000,0.647500,0.000000,-0.852500,0
2,spiris_s007_a096,spiris,7,96,ABL_dominant,1,1.000000,0.000000,0.900375,0.000000,-0.599625,0
3,spiris_s007_a096,spiris,7,96,ABL_dominant,1,1.000000,0.000000,1.115319,0.000000,-0.384681,0
4,spiris_s007_a096,spiris,7,96,ABL_dominant,1,1.000000,0.000000,1.298021,0.000000,-0.201979,0
5,spiris_s007_a096,spiris,7,96,ABL_dominant,1,1.000000,0.000000,1.453318,0.000000,-0.046682,0
0,syildirim_s002_a010,syildirim,2,10,unknown,0,0.000000,0.000000,0.000000,0.000000,0.000000,0
1,syildirim_s002_a010,syildirim,2,10,unknown,0,0.000000,0.000000,0.000000,0.000000,0.000000,0
2,syildirim_s002_a010,syildirim,2,10,unknown,0,0.000000,0.000000,0.000000,0.000000,0.000000,0
3,syildirim_s002_a010,syildirim,2,10,unknown,0,0.000000,0.000000,0.000000,0.000000,0.000000,0
4,syildirim_s002_a010,syildirim,2,10,unknown,0,0.000000,0.000000,0.000000,0.000000,0.000000,0
5,syildirim_s002_a010,syildirim,2,10,unknown,0,0.000000,0.000000,0.000000,0.000000,0.000000,0
0,syildirim_s008_a053,syildirim,8,53,ABL_dominant,1,1.000000,0.000000,0.350000,0.000000,-1.150000,0
1,syildirim_s008_a053,syildirim,8,53,ABL_dominant,1,1.000000,0.000000,0.647500,0.000000,-0.852500,0
2,syildirim_s008_a053,syildirim,8,53,ABL_dominant,1,1.000000,0.000000,0.900375,0.000000,-0.599625,0
3,syildirim_s008_a053,syildirim,8,53,ABL_dominant,1,1.000000,0.000000,1.115319,0.000000,-0.384681,0
4,syildirim_s008_a053,syildirim,8,53,ABL_dominant,1,1.000000,0.000000,1.298021,0.000000,-0.201979,0
5,syildirim_s008_a053,syildirim,8,53,ABL_dominant,1,1.000000,0.000000,1.453318,0.000000,-0.046682,0
0,syildirim_s007_a096,syildirim,7,96,ABL_dominant,1,1.000000,0.000000,0.350000,0.000000,-1.150000,0
1,syildirim_s007_a096,syildirim,7,96,ABL_dominant,1,1.000000,0.000000,0.647500,0.000000,-0.852500,0
2,syildirim_s007_a096,syildirim,7,96,ABL_dominant,1,1.000000,0.000000,0.900375,0.000000,-0.599625,0
3,syildirim_s007_a096,syildirim,7,96,ABL_dominant,1,1.000000,0.000000,1.115319,0.000000,-0.384681,0
4,syildirim_s007_a096,syildirim,7,96,ABL_dominant,1,1.000000,0.000000,1.298021,0.000000,-0.201979,0
5,syildirim_s007_a096,syildirim,7,96,ABL_dominant,1,1.000000,0.000000,1.453318,0.000000,-0.046682,0
